"","game_id","team","off_plays","def_plays","off_total_ppa","def_total_ppa","off_success_rate","def_success_rate","offPpaPerPlay","defPpaPerPlay","numDrives","avgFieldPosStart","numOpportunities","pointsDuringOpportunities","pointsPerOpportunity","third_down_eff","fourth_down_eff","qb_hurries","tackles_for_loss","interceptions","passes_deflected","fumbles_lost","numPlays","havocPlays","logo","color"
"1",401403853,"Hawai'i",80,69,-15.7203578601016,27.7306583620513,0.375,0.521739130434783,-0.19650447325127,0.401893599450019,15,23.6666666666667,5,10,2,"5-16","0-4",0,0,0,5,2,72,7,"http://a.espncdn.com/i/teamlogos/ncaa/500/62.png","#003420"
"2",401403853,"Vanderbilt",69,80,27.7306583620513,-15.7203578601016,0.521739130434783,0.375,0.401893599450019,-0.19650447325127,13,31.7692307692308,10,42,4.2,"5-11","1-5",0,0,0,3,0,82,3,"http://a.espncdn.com/i/teamlogos/ncaa/500/238.png","#000000"
"3",401403854,"Alabama",72,59,33.2387456890581,-13.7220602939464,0.541666666666667,0.220338983050847,0.461649245681362,-0.232577293117736,13,30.2307692307692,9,55,6.11111111111111,"6-10","0-0",4,5,1,3,0,59,9,"http://a.espncdn.com/i/teamlogos/ncaa/500/333.png","#690014"
"4",401403854,"Utah State",59,72,-13.7220602939464,33.2387456890581,0.220338983050847,0.541666666666667,-0.232577293117736,0.461649245681362,13,21.1538461538462,2,0,0,"3-17","2-4",1,5,0,2,0,74,7,"http://a.espncdn.com/i/teamlogos/ncaa/500/328.png","#003263"
"5",401403855,"Arkansas",70,73,16.0786133578305,17.7187406870893,0.385714285714286,0.410958904109589,0.229694476540436,0.242722475165607,13,27.1538461538462,6,31,5.16666666666667,"8-16","0-0",4,8,0,2,1,77,11,"http://a.espncdn.com/i/teamlogos/ncaa/500/8.png","#9c1831"
"6",401403855,"Cincinnati",73,70,17.7187406870893,16.0786133578305,0.410958904109589,0.385714285714286,0.242722475165607,0.229694476540436,13,34.1538461538462,8,24,3,"8-16","1-1",0,9,1,2,1,72,13,"http://a.espncdn.com/i/teamlogos/ncaa/500/2132.png","#000000"
"7",401403856,"Auburn",62,66,27.1153433759845,5.91311485407451,0.548387096774194,0.287878787878788,0.43734424799975,0.0895926493041592,12,31.1666666666667,9,42,4.66666666666667,"4-8","1-2",5,3,2,5,0,68,10,"http://a.espncdn.com/i/teamlogos/ncaa/500/2.png","#03244d"
"8",401403856,"Mercer",66,62,5.91311485407451,27.1153433759845,0.287878787878788,0.548387096774194,0.0895926493041592,0.43734424799975,11,28.0909090909091,3,16,5.33333333333333,"8-18","0-0",0,2,0,1,0,62,3,NA,NA
"9",401403857,"Florida",62,71,30.1634404893711,15.7807629061017,0.580645161290323,0.535211267605634,0.486507104667276,0.222264266283122,10,18.6,5,29,5.8,"7-12","2-2",5,2,0,2,1,73,5,"http://a.espncdn.com/i/teamlogos/ncaa/500/57.png","#0021A5"
"10",401403857,"Utah",71,62,15.7807629061017,30.1634404893711,0.535211267605634,0.580645161290323,0.222264266283122,0.486507104667276,9,32.6666666666667,7,26,3.71428571428571,"8-13","0-1",4,2,1,0,0,63,3,"http://a.espncdn.com/i/teamlogos/ncaa/500/254.png","#890012"
"11",401403858,"Georgia",53,64,40.8979052160431,0.617821711960474,0.641509433962264,0.46875,0.771658588981946,0.0096534642493824,9,22.7,7,49,7,"9-10","0-0",0,3,0,3,0,69,6,"http://a.espncdn.com/i/teamlogos/ncaa/500/61.png","#CC0000"
"12",401403858,"Oregon",64,53,0.617821711960474,40.8979052160431,0.46875,0.641509433962264,0.0096534642493824,0.771658588981946,9,23.3,4,3,.75,"7-15","2-3",0,1,2,1,0,62,4,"http://a.espncdn.com/i/teamlogos/ncaa/500/2483.png","#044520"
"13",401403859,"Kentucky",55,63,13.935736231937,4.67445192687082,0.454545454545455,0.317460317460317,0.253377022398854,0.0741976496328702,10,36.2,7,79,11.2857142857143,"2-8","0-1",1,4,1,4,0,66,9,"http://a.espncdn.com/i/teamlogos/ncaa/500/96.png","#005DAA"
"14",401403859,"Miami (OH)",63,55,4.67445192687082,13.935736231937,0.317460317460317,0.454545454545455,0.0741976496328702,0.253377022398854,10,25.6,4,21,5.25,"3-14","3-4",2,4,0,1,1,61,6,"http://a.espncdn.com/i/teamlogos/ncaa/500/193.png","#a4000c"
"15",401403860,"Ole Miss",71,80,21.6529379117562,1.17898803986851,0.535211267605634,0.3875,0.304970956503609,0.0147373504983564,12,30.25,6,28,4.66666666666667,"9-14","1-1",5,10,1,2,2,82,15,"http://a.espncdn.com/i/teamlogos/ncaa/500/145.png","#001148"
"16",401403860,"Troy",80,71,1.17898803986851,21.6529379117562,0.3875,0.535211267605634,0.0147373504983564,0.304970956503609,12,26.6666666666667,4,7,1.75,"6-17","2-5",2,2,1,2,1,73,6,"http://a.espncdn.com/i/teamlogos/ncaa/500/2653.png","#AE0210"
"17",401403861,"Memphis",50,81,7.92407886606202,34.6130634772202,0.38,0.567901234567901,0.15848157732124,0.427321771323706,12,29.5833333333333,4,23,5.75,"3-12","0-1",1,3,0,2,1,83,6,"http://a.espncdn.com/i/teamlogos/ncaa/500/235.png","#002447"
"18",401403861,"Mississippi State",81,50,34.6130634772202,7.92407886606202,0.567901234567901,0.38,0.427321771323706,0.15848157732124,13,33.0769230769231,9,49,5.44444444444444,"11-13","0-0",1,4,1,4,1,52,10,"http://a.espncdn.com/i/teamlogos/ncaa/500/344.png","#762123"
"19",401403863,"Georgia State",70,68,-16.8151090642982,6.01125155969689,0.228571428571429,0.352941176470588,-0.240215843775688,0.0884007582308366,15,26.8666666666667,5,14,2.8,"5-17","1-3",6,7,1,4,0,71,12,"http://a.espncdn.com/i/teamlogos/ncaa/500/2247.png","#1e539a"
"20",401403863,"South Carolina",68,70,6.01125155969689,-16.8151090642982,0.352941176470588,0.228571428571429,0.0884007582308366,-0.240215843775688,13,26.8461538461538,4,20,5,"3-14","2-2",6,6,2,9,0,69,17,"http://a.espncdn.com/i/teamlogos/ncaa/500/2579.png","#670010"
"21",401403864,"Ball State",69,86,4.54938823538488,35.8596768040453,0.36231884057971,0.534883720930233,0.0659331628316649,0.41697298609355,13,30.7692307692308,4,10,2.5,"5-14","0-2",0,2,2,2,1,87,7,"http://a.espncdn.com/i/teamlogos/ncaa/500/2050.png","#DA0000"
"22",401403864,"Tennessee",86,69,35.8596768040453,4.54938823538488,0.534883720930233,0.36231884057971,0.41697298609355,0.0659331628316649,14,29.8571428571429,9,52,5.77777777777778,"5-13","3-3",7,2,0,5,1,71,8,"http://a.espncdn.com/i/teamlogos/ncaa/500/2633.png","#EE9627"
"23",401403865,"Sam Houston State",54,66,-5.10913386096817,22.7841422002122,0.314814814814815,0.439393939393939,-0.094613590017929,0.345214275760792,13,25.7692307692308,3,0,0,"1-12","1-1",3,6,1,1,1,68,9,NA,NA
"24",401403865,"Texas A&M",66,54,22.7841422002122,-5.10913386096817,0.439393939393939,0.314814814814815,0.345214275760792,-0.094613590017929,13,27.2307692307692,6,31,5.16666666666667,"7-13","0-0",6,6,2,4,0,55,12,"http://a.espncdn.com/i/teamlogos/ncaa/500/245.png","#5C0025"
"25",401403866,"Elon",70,58,13.7686468460569,21.0621194847367,0.414285714285714,0.396551724137931,0.19669495494367,0.36313999111615,16,28.875,8,31,3.875,"4-15","0-2",2,3,0,3,1,62,7,NA,NA
"26",401403866,"Vanderbilt",58,70,21.0621194847367,13.7686468460569,0.396551724137931,0.414285714285714,0.36313999111615,0.19669495494367,15,28.5333333333333,7,42,6,"5-13","0-1",3,5,0,3,0,77,8,"http://a.espncdn.com/i/teamlogos/ncaa/500/238.png","#000000"
"27",401403966,"Colorado",71,53,0.328028146223844,27.051351120058,0.394366197183099,0.490566037735849,0.0046201147355471,0.510402851321849,10,23.9,4,13,3.25,"6-15","0-3",2,3,0,0,0,54,3,"http://a.espncdn.com/i/teamlogos/ncaa/500/38.png","#d1c57e"
"28",401403966,"TCU",53,71,27.051351120058,0.328028146223844,0.490566037735849,0.394366197183099,0.510402851321849,0.0046201147355471,9,28,6,31,5.16666666666667,"5-11","2-2",5,6,0,7,0,72,13,"http://a.espncdn.com/i/teamlogos/ncaa/500/2628.png","#3C377D"
"29",401403967,"Arizona",72,54,15.696156457735,-2.84374407628365,0.486111111111111,0.37037037037037,0.218002173024098,-0.052661927338586,12,28.3333333333333,7,38,5.42857142857143,"6-13","1-2",0,4,1,1,1,60,7,"http://a.espncdn.com/i/teamlogos/ncaa/500/12.png","#CC0033"
"30",401403967,"San Diego State",54,72,-2.84374407628365,15.696156457735,0.37037037037037,0.486111111111111,-0.052661927338586,0.218002173024098,12,34,5,13,2.6,"2-11","2-2",0,4,1,1,1,75,7,"http://a.espncdn.com/i/teamlogos/ncaa/500/21.png","#BF2C37"
"31",401403968,"California",69,77,23.7113474771136,2.97963226942257,0.449275362318841,0.402597402597403,0.343642717059617,0.0386965229795139,12,23.75,5,27,5.4,"7-13","0-0",3,4,1,7,0,78,12,"http://a.espncdn.com/i/teamlogos/ncaa/500/25.png","#031522"
"32",401403968,"UC Davis",77,69,2.97963226942257,23.7113474771136,0.402597402597403,0.449275362318841,0.0386965229795139,0.343642717059617,12,29.4166666666667,7,13,1.85714285714286,"7-18","3-5",2,4,2,2,0,71,8,NA,NA
"33",401403969,"Boise State",66,59,7.52478716950602,20.3140172903046,0.333333333333333,0.355932203389831,0.114011926810697,0.344305377801773,15,28.3333333333333,6,17,2.83333333333333,"4-13","1-1",3,4,3,1,2,64,10,"http://a.espncdn.com/i/teamlogos/ncaa/500/68.png","#09347A"
"34",401403969,"Oregon State",59,66,20.3140172903046,7.52478716950602,0.355932203389831,0.333333333333333,0.344305377801773,0.114011926810697,15,35.7333333333333,8,34,4.25,"4-13","1-1",2,8,2,4,1,70,15,"http://a.espncdn.com/i/teamlogos/ncaa/500/204.png","#c34500"
"35",401403970,"Colgate",59,58,-4.79342282480522,23.6036730252324,0.305084745762712,0.53448275862069,-0.0812444546577155,0.406959879745386,13,30.3846153846154,4,3,0.75,"4-16","0-0",1,5,1,0,0,58,6,NA,NA
"36",401403970,"Stanford",58,59,23.6036730252324,-4.79342282480522,0.53448275862069,0.305084745762712,0.406959879745386,-0.0812444546577155,12,28.6666666666667,6,41,6.83333333333333,"4-9","1-1",7,3,1,2,3,62,9,"http://a.espncdn.com/i/teamlogos/ncaa/500/24.png","#A80532"
"37",401403971,"Bowling Green",59,92,-3.19544136512058,21.5082662906614,0.288135593220339,0.5,-0.0541600231376369,0.233785503159364,14,30.3571428571429,3,10,3.33333333333333,"2-16","2-3",5,5,0,3,1,95,9,"http://a.espncdn.com/i/teamlogos/ncaa/500/189.png","#2b1000"
"38",401403971,"UCLA",92,59,21.5082662906614,-3.19544136512058,0.5,0.288135593220339,0.233785503159364,-0.0541600231376369,14,39,11,38,3.45454545454545,"10-19","2-3",1,9,1,8,1,62,19,"http://a.espncdn.com/i/teamlogos/ncaa/500/26.png","#005C8E"
"39",401403973,"Kent State",68,75,6.60146067721132,32.0965081020779,0.352941176470588,0.546666666666667,0.0970803040766371,0.427953441361038,12,30.25,6,20,3.33333333333333,"10-17","1-2",0,3,3,5,0,79,11,"http://a.espncdn.com/i/teamlogos/ncaa/500/2309.png","#002445"
"40",401403973,"Washington",75,68,32.0965081020779,6.60146067721132,0.546666666666667,0.352941176470588,0.427953441361038,0.0970803040766371,10,30.9,8,45,5.625,"9-15","2-4",0,5,0,4,1,70,10,"http://a.espncdn.com/i/teamlogos/ncaa/500/264.png","#2B2F64"
"41",401403974,"Idaho",64,61,-4.71466852205492,5.18223150629841,0.234375,0.491803278688525,-0.0736666956571082,0.084954614857351,13,28.7692307692308,3,10,3.33333333333333,"4-17","3-7",3,4,2,4,0,68,10,NA,NA
"42",401403974,"Washington State",61,64,5.18223150629841,-4.71466852205492,0.491803278688525,0.234375,0.084954614857351,-0.0736666956571082,14,33.7857142857143,7,24,3.42857142857143,"6-13","0-0",4,12,0,3,3,68,18,"http://a.espncdn.com/i/teamlogos/ncaa/500/265.png","#94022a"
"43",401404052,"Kansas",48,67,31.4870559890174,1.05142480270332,0.604166666666667,0.313432835820896,0.655980333104529,0.0156929075030347,11,40.5454545454545,9,42,4.66666666666667,"6-8","0-1",2,12,1,1,2,72,16,"http://a.espncdn.com/i/teamlogos/ncaa/500/2305.png","#0022B4"
"44",401404052,"Tennessee Tech",67,48,1.05142480270332,31.4870559890174,0.313432835820896,0.604166666666667,0.0156929075030347,0.655980333104529,14,31.7142857142857,5,10,2,"4-17","1-1",0,2,1,2,0,50,5,NA,NA
"45",401404055,"Murray State",64,63,-5.88955027274369,36.4859292695133,0.140625,0.523809523809524,-0.0920242230116202,0.579141734436718,15,19.3333333333333,3,10,3.33333333333333,"4-18","0-1",1,2,0,2,0,65,4,NA,NA
"46",401404055,"Texas Tech",63,64,36.4859292695133,-5.88955027274369,0.523809523809524,0.140625,0.579141734436718,-0.0920242230116202,15,41,10,63,6.3,"6-10","0-0",1,13,1,3,0,65,17,"http://a.espncdn.com/i/teamlogos/ncaa/500/2641.png","#C80025"
"47",401404056,"Kansas State",61,70,17.6062618922712,-20.7405643021838,0.491803278688525,0.271428571428571,0.288627244135594,-0.296293775745483,12,27.9166666666667,5,27,5.4,"5-14","1-2",1,10,0,2,0,69,12,"http://a.espncdn.com/i/teamlogos/ncaa/500/2306.png","#633194"
"48",401404056,"South Dakota",70,61,-20.7405643021838,17.6062618922712,0.271428571428571,0.491803278688525,-0.296293775745483,0.288627244135594,13,27.3076923076923,3,0,0,"5-16","0-4",0,9,1,0,0,65,10,NA,NA
"49",401404057,"Iowa State",67,60,32.0096881499612,5.84671123459727,0.522388059701492,0.433333333333333,0.47775653955166,0.0974451872432878,11,21.1818181818182,6,42,7,"8-12","1-1",8,3,1,7,0,62,11,"http://a.espncdn.com/i/teamlogos/ncaa/500/66.png","#660015"
"50",401404057,"Southeast Missouri State",60,67,5.84671123459727,32.0096881499612,0.433333333333333,0.522388059701492,0.0974451872432878,0.47775653955166,11,29.3636363636364,4,10,2.5,"5-15","1-2",0,3,1,0,0,67,4,NA,NA
"51",401404059,"Louisiana Monroe",62,57,-7.60442872294494,22.7004804023068,0.306451612903226,0.526315789473684,-0.122652076176531,0.398254042145734,13,29.0769230769231,4,10,2.5,"6-16","0-1",0,5,1,1,0,60,7,"http://a.espncdn.com/i/teamlogos/ncaa/500/2433.png","#231F20"
"52",401404059,"Texas",57,62,22.7004804023068,-7.60442872294494,0.526315789473684,0.306451612903226,0.398254042145734,-0.122652076176531,11,36.6363636363636,7,38,5.42857142857143,"5-13","3-3",1,8,1,2,0,65,11,"http://a.espncdn.com/i/teamlogos/ncaa/500/251.png","#EE7524"
"53",401404124,"Notre Dame",48,69,6.98815592760924,20.3394270208836,0.3125,0.492753623188406,0.145586581825192,0.294774304650487,10,17.8,3,10,3.33333333333333,"3-13","0-0",0,2,0,2,0,70,4,"http://a.espncdn.com/i/teamlogos/ncaa/500/87.png","#00122b"
"54",401404124,"Ohio State",69,48,20.3394270208836,6.98815592760924,0.492753623188406,0.3125,0.294774304650487,0.145586581825192,11,22.7272727272727,5,21,4.2,"7-13","0-0",1,6,0,2,0,49,8,"http://a.espncdn.com/i/teamlogos/ncaa/500/194.png","#DE3121"
"55",401404134,"Army",48,69,21.7070043622529,26.416585441638,0.354166666666667,0.594202898550725,0.452229257546935,0.382849064371565,9,23.4444444444444,4,28,7,"5-12","2-3",0,2,1,0,0,71,3,"http://a.espncdn.com/i/teamlogos/ncaa/500/349.png","#ce9c00"
"56",401404134,"Coastal Carolina",69,48,26.416585441638,21.7070043622529,0.594202898550725,0.354166666666667,0.382849064371565,0.452229257546935,9,32.1111111111111,7,38,5.42857142857143,"4-11","3-3",2,5,0,0,0,47,5,"http://a.espncdn.com/i/teamlogos/ncaa/500/324.png","#007073"
"57",401404146,"Connecticut",69,79,5.21780250652776,21.4009758672637,0.376811594202899,0.468354430379747,0.0756203261815617,0.270898428699541,14,25.7142857142857,6,20,3.33333333333333,"6-15","1-1",0,0,2,2,1,86,5,"http://a.espncdn.com/i/teamlogos/ncaa/500/41.png","#001d40"
"58",401404146,"Utah State",79,69,21.4009758672637,5.21780250652776,0.468354430379747,0.376811594202899,0.270898428699541,0.0756203261815617,14,28,8,31,3.875,"6-15","0-1",0,0.5,0,4,2,74,6,"http://a.espncdn.com/i/teamlogos/ncaa/500/328.png","#003263"
"59",401404147,"Central Connecticut",51,76,-7.17438809969973,21.8035722966847,0.372549019607843,0.539473684210526,-0.140674276464701,0.286889109166904,11,28.6363636363636,4,3,0.75,"3-12","0-1",1,5,1,4,0,78,10,NA,NA
"60",401404147,"Connecticut",76,51,21.8035722966847,-7.17438809969973,0.539473684210526,0.372549019607843,0.286889109166904,-0.140674276464701,10,35.1,8,28,3.5,"14-19","1-1",4,4,1,1,2,55,8,"http://a.espncdn.com/i/teamlogos/ncaa/500/41.png","#001d40"
"61",401404157,"Liberty",83,67,4.44877811523516,-2.03965457117771,0.289156626506024,0.402985074626866,0.0535997363281344,-0.0304426055399658,16,31.5,8,27,3.375,"8-20","1-3",0,7,3,2,0,71,12,"http://a.espncdn.com/i/teamlogos/ncaa/500/2335.png","#071740"
"62",401404157,"Southern Mississippi",67,83,-2.03965457117771,4.44877811523516,0.402985074626866,0.289156626506024,-0.0304426055399658,0.0535997363281344,16,40.625,8,23,2.875,"3-12","0-1",3,11,3,5,2,86,21,"http://a.espncdn.com/i/teamlogos/ncaa/500/2572.png","#FFAA3C"
"63",401405058,"Illinois",80,52,21.1573479070508,-8.68963283477447,0.5125,0.230769230769231,0.264466848838135,-0.167108323745663,14,40.1428571428571,10,38,3.8,"7-16","1-2",0,0,0,6,0,53,6,"http://a.espncdn.com/i/teamlogos/ncaa/500/356.png","#f77329"
"64",401405058,"Wyoming",52,80,-8.68963283477447,21.1573479070508,0.230769230769231,0.5125,-0.167108323745663,0.264466848838135,13,24.4615384615385,2,6,3,"1-12","0-1",0,0,1,1,1,84,3,"http://a.espncdn.com/i/teamlogos/ncaa/500/2751.png","#533B22"
"65",401405059,"Nebraska",72,84,22.2590765343,19.6106655538048,0.444444444444444,0.428571428571429,0.309153840754166,0.233460304211962,14,21.3571428571429,6,28,4.66666666666667,"9-16","0-0",1,2,2,4,1,87,9,"http://a.espncdn.com/i/teamlogos/ncaa/500/158.png","#F20017"
"66",401405059,"Northwestern",84,72,19.6106655538048,22.2590765343,0.428571428571429,0.444444444444444,0.233460304211962,0.309153840754166,14,29.8571428571429,7,31,4.42857142857143,"7-17","1-1",3,3,0,6,1,74,10,"http://a.espncdn.com/i/teamlogos/ncaa/500/77.png","#372286"
"67",401405060,"Minnesota",70,32,33.3262883647422,-8.30981366190281,0.628571428571429,0.15625,0.476089833782031,-0.259681676934463,8,30.75,7,38,5.42857142857143,"11-14","0-0",0,3,0,2,0,33,5,"http://a.espncdn.com/i/teamlogos/ncaa/500/135.png","#7F011B"
"68",401405060,"New Mexico State",32,70,-8.30981366190281,33.3262883647422,0.15625,0.628571428571429,-0.259681676934463,0.476089833782031,8,23,1,0,0,"2-9","0-0",2,1,1,2,0,81,4,"http://a.espncdn.com/i/teamlogos/ncaa/500/166.png","#891216"
"69",401405061,"Illinois",87,77,5.97592905257797,4.81279244074044,0.471264367816092,0.350649350649351,0.0686888396848042,0.062503797931694,14,28.7142857142857,7,20,2.85714285714286,"9-17","0-2",4,6,1,5,3,81,15,"http://a.espncdn.com/i/teamlogos/ncaa/500/356.png","#f77329"
"70",401405061,"Indiana",77,87,4.81279244074044,5.97592905257797,0.350649350649351,0.471264367816092,0.062503797931694,0.0686888396848042,13,26.8461538461538,5,16,3.2,"10-19","0-0",1,10,1,2,1,92,14,"http://a.espncdn.com/i/teamlogos/ncaa/500/84.png","#7D110C"
"71",401405062,"Iowa",58,57,-13.1544576498871,-11.1026173542883,0.258620689655172,0.157894736842105,-0.22680099396357,-0.194782760601549,16,41.75,6,3,0.5,"4-17","0-0",5,9,1,8,1,58,19,"http://a.espncdn.com/i/teamlogos/ncaa/500/2294.png","#000000"
"72",401405062,"South Dakota State",57,58,-11.1026173542883,-13.1544576498871,0.157894736842105,0.258620689655172,-0.194782760601549,-0.22680099396357,15,15.8666666666667,1,3,3,"3-16","0-1",2,5,0,3,0,63,8,NA,NA
"73",401405063,"Nebraska",60,70,25.4748545709732,10.0092820677205,0.55,0.442857142857143,0.424580909516221,0.142989743824579,12,30.4166666666667,7,38,5.42857142857143,"6-11","0-0",5,4,1,6,1,71,12,"http://a.espncdn.com/i/teamlogos/ncaa/500/158.png","#F20017"
"74",401405063,"North Dakota",70,60,10.0092820677205,25.4748545709732,0.442857142857143,0.55,0.142989743824579,0.424580909516221,12,32,4,17,4.25,"6-15","1-2",0,5,0,2,1,64,8,NA,NA
"75",401405064,"Penn State",73,80,4.76289631942139,18.6517376709134,0.383561643835616,0.4375,0.0652451550605669,0.233146720886417,14,26.2142857142857,5,35,7,"5-14","1-1",0,3,1,8,0,82,12,"http://a.espncdn.com/i/teamlogos/ncaa/500/213.png","#00265D"
"76",401405064,"Purdue",80,73,18.6517376709134,4.76289631942139,0.4375,0.383561643835616,0.233146720886417,0.0652451550605669,14,20.5,6,24,4,"5-15","2-2",0,3,0,6,1,73,10,"http://a.espncdn.com/i/teamlogos/ncaa/500/2509.png","#B89D29"
"77",401405065,"Illinois State",50,53,-15.5807695707033,25.9471747828735,0.28,0.433962264150943,-0.311615391414066,0.489569335525916,9,22.3333333333333,3,0,0,"3-11","0-0",0,4,2,1,0,54,7,NA,NA
"78",401405065,"Wisconsin",53,50,25.9471747828735,-15.5807695707033,0.433962264150943,0.28,0.489569335525916,-0.311615391414066,9,24.5555555555556,6,31,5.16666666666667,"4-9","2-2",0,8,0,3,0,50,11,"http://a.espncdn.com/i/teamlogos/ncaa/500/275.png","#A00001"
"79",401405066,"Buffalo",72,61,-5.33513529615703,17.5552350508962,0.291666666666667,0.409836065573771,-0.0740991013355143,0.287790738539282,13,25.2307692307692,4,10,2.5,"5-16","0-2",0,5,0,3,0,62,8,"http://a.espncdn.com/i/teamlogos/ncaa/500/2084.png","#041A9B"
"80",401405066,"Maryland",61,72,17.5552350508962,-5.33513529615703,0.409836065573771,0.291666666666667,0.287790738539282,-0.0740991013355143,13,32.3076923076923,5,31,6.2,"4-13","1-2",0,7,1,8,0,75,16,"http://a.espncdn.com/i/teamlogos/ncaa/500/120.png","#D5002B"
"81",401405067,"Colorado State",59,68,-7.79934712407168,25.9326754910255,0.338983050847458,0.514705882352941,-0.132192324136808,0.381362874868022,12,23.8333333333333,2,7,3.5,"2-11","1-4",2,2,1,1,1,71,5,"http://a.espncdn.com/i/teamlogos/ncaa/500/36.png","#004537"
"82",401405067,"Michigan",68,59,25.9326754910255,-7.79934712407168,0.514705882352941,0.338983050847458,0.381362874868022,-0.132192324136808,10,40.3,8,44,5.5,"3-10","2-2",1,11,0,0,0,59,11,"http://a.espncdn.com/i/teamlogos/ncaa/500/130.png","#00274c"
"83",401405069,"Boston College",67,60,7.30149014995158,7.65406762222909,0.343283582089552,0.45,0.10897746492465,0.127567793703818,13,27.8461538461538,6,21,3.5,"7-16","0-0",2,5,2,1,1,65,9,"http://a.espncdn.com/i/teamlogos/ncaa/500/103.png","#88001a"
"84",401405069,"Rutgers",60,67,7.65406762222909,7.30149014995158,0.45,0.343283582089552,0.127567793703818,0.10897746492465,14,33.0714285714286,4,22,5.5,"4-14","0-0",8,8,1,2,0,70,11,"http://a.espncdn.com/i/teamlogos/ncaa/500/164.png","#d21034"
"85",401409235,"Nevada",68,58,4.83749161364606,0.938257477253616,0.382352941176471,0.362068965517241,0.0711395825536185,0.0161768530560968,11,29.8181818181818,5,23,4.6,"8-17","0-0",1,3,0,2,0,61,5,"http://a.espncdn.com/i/teamlogos/ncaa/500/2440.png","#153E5F"
"86",401409235,"New Mexico State",58,68,0.938257477253616,4.83749161364606,0.362068965517241,0.382352941176471,0.0161768530560968,0.0711395825536185,11,26.1818181818182,6,10,1.66666666666667,"5-12","0-1",0,8,4,2,1,71,15,"http://a.espncdn.com/i/teamlogos/ncaa/500/166.png","#891216"
"87",401411090,"Duquesne",47,74,-3.12847071895726,40.0230382839462,0.297872340425532,0.662162162162162,-0.0665632067863246,0.540851868701976,11,23.5454545454545,2,7,3.5,"1-10","0-0",1,1,0,3,0,78,4,NA,NA
"88",401411090,"Florida State",74,47,40.0230382839462,-3.12847071895726,0.662162162162162,0.297872340425532,0.540851868701976,-0.0665632067863246,10,26.2,9,47,5.22222222222222,"5-10","1-2",0,6,1,5,0,48,12,"http://a.espncdn.com/i/teamlogos/ncaa/500/52.png","#782F40"
"89",401411091,"Florida A&M",65,77,18.3458800023533,39.3734598406565,0.461538461538462,0.558441558441558,0.282244307728512,0.51134363429424,12,25.6666666666667,4,24,6,"5-13","2-2",2,3.5,1,3,1,78,8,NA,NA
"90",401411091,"North Carolina",77,65,39.3734598406565,18.3458800023533,0.558441558441558,0.461538461538462,0.51134363429424,0.282244307728512,12,34.5833333333333,10,49,4.9,"7-12","2-3",1,6,0,3,0,67,9,"http://a.espncdn.com/i/teamlogos/ncaa/500/153.png","#99bfe5"
"91",401411092,"Pittsburgh",62,72,20.1839762308288,7.18700368608375,0.403225806451613,0.388888888888889,0.325548003723045,0.0998194956400521,13,27.5384615384615,5,31,6.2,"5-12","0-0",7,8,0,9,1,73,18,"http://a.espncdn.com/i/teamlogos/ncaa/500/221.png","#003263"
"92",401411092,"West Virginia",72,62,7.18700368608375,20.1839762308288,0.388888888888889,0.403225806451613,0.0998194956400521,0.325548003723045,14,29.0714285714286,5,21,4.2,"8-17","0-1",3,6,1,3,1,63,11,"http://a.espncdn.com/i/teamlogos/ncaa/500/277.png","#002855"
"93",401411093,"VMI",68,74,-2.28413961885408,17.1821628356874,0.323529411764706,0.513513513513513,-0.03359028851256,0.232191389671451,14,20.7142857142857,2,7,3.5,"4-18","1-2",1,4,0,6,1,77,11,NA,NA
"94",401411093,"Wake Forest",74,68,17.1821628356874,-2.28413961885408,0.513513513513513,0.323529411764706,0.232191389671451,-0.03359028851256,13,37.6923076923077,9,44,4.88888888888889,"8-17","0-1",6,9,0,5,0,70,14,"http://a.espncdn.com/i/teamlogos/ncaa/500/154.png","#9E7E38"
"95",401411094,"Duke",65,56,23.9693684080928,-3.46705443154668,0.569230769230769,0.357142857142857,0.368759513970658,-0.0619116862776194,12,33.6666666666667,9,30,3.33333333333333,"1-9","1-1",6,4,0,7,0,58,11,"http://a.espncdn.com/i/teamlogos/ncaa/500/150.png","#001A57"
"96",401411094,"Temple",56,65,-3.46705443154668,23.9693684080928,0.357142857142857,0.569230769230769,-0.0619116862776194,0.368759513970658,12,21.4166666666667,1,0,0,"5-14","0-2",0,5,0,2,2,71,9,"http://a.espncdn.com/i/teamlogos/ncaa/500/218.png","#A80532"
"97",401411095,"Appalachian State",90,72,35.0751096035544,40.6938474959877,0.522222222222222,0.527777777777778,0.389723440039493,0.565192326333162,14,31.9285714285714,11,111,10.0909090909091,"7-12","1-2",3,5,1,0,0,73,6,"http://a.espncdn.com/i/teamlogos/ncaa/500/2026.png","#000000"
"98",401411095,"North Carolina",72,90,40.6938474959877,35.0751096035544,0.527777777777778,0.522222222222222,0.565192326333162,0.389723440039493,13,32.9230769230769,9,56,6.22222222222222,"9-14","1-1",1,2,0,2,1,81,5,"http://a.espncdn.com/i/teamlogos/ncaa/500/153.png","#99bfe5"
"99",401411096,"East Carolina",68,64,12.6534977790935,7.50914544984906,0.382352941176471,0.390625,0.186080849692552,0.117330397653892,13,23.6153846153846,5,20,4,"9-17","0-1",0,0,2,7,0,65,9,"http://a.espncdn.com/i/teamlogos/ncaa/500/151.png","#4b1869"
"100",401411096,"NC State",64,68,7.50914544984906,12.6534977790935,0.390625,0.382352941176471,0.117330397653892,0.186080849692552,13,31.2307692307692,5,14,2.8,"4-13","1-2",0,0,1,7,1,69,9,"http://a.espncdn.com/i/teamlogos/ncaa/500/152.png","#EF1216"
"101",401411097,"Bethune-Cookman",55,62,-1.48737863352061,45.3617217390565,0.254545454545455,0.838709677419355,-0.0270432478821929,0.731640673210589,12,22.6666666666667,4,13,3.25,"5-14","0-0",1,2,3,1,0,65,6,NA,NA
"102",401411097,"Miami",62,55,45.3617217390565,-1.48737863352061,0.838709677419355,0.254545454545455,0.731640673210589,-0.0270432478821929,11,49.1818181818182,11,63,5.72727272727273,"7-7","0-0",1,6,0,3,1,58,10,"http://a.espncdn.com/i/teamlogos/ncaa/500/2390.png","#004325"
"103",401411099,"Louisville",53,65,11.0963664925173,29.6866848346961,0.39622641509434,0.6,0.209365405519194,0.456718228226094,9,22.1111111111111,4,7,1.75,"5-11","0-2",0,7,2,2,1,67,12,"http://a.espncdn.com/i/teamlogos/ncaa/500/97.png","#ad000a"
"104",401411099,"Syracuse",65,53,29.6866848346961,11.0963664925173,0.6,0.39622641509434,0.456718228226094,0.209365405519194,10,34.1,6,31,5.16666666666667,"6-11","0-0",2,7,0,0,0,54,7,"http://a.espncdn.com/i/teamlogos/ncaa/500/183.png","#F37321"
"105",401411100,"Richmond",70,72,2.23510070146233,29.6888169756595,0.4,0.527777777777778,0.0319300100208904,0.412344680217494,11,28.6363636363636,6,17,2.83333333333333,"5-14","0-2",2,3,0,3,0,75,6,NA,NA
"106",401411100,"Virginia",72,70,29.6888169756595,2.23510070146233,0.527777777777778,0.4,0.412344680217494,0.0319300100208904,12,26.75,6,34,5.66666666666667,"7-12","0-0",2,3,1,3,1,71,8,"http://a.espncdn.com/i/teamlogos/ncaa/500/258.png","#00204e"
"107",401413203,"Chattanooga",48,65,19.9761058306586,-2.03442978947362,0.479166666666667,0.415384615384615,0.416168871472053,-0.0312989198380557,10,25,5,24,4.8,"3-9","0-0",NA,NA,0,NA,1,66,NA,NA,NA
"108",401413203,"Wofford",65,48,-2.03442978947362,19.9761058306586,0.415384615384615,0.479166666666667,-0.0312989198380557,0.416168871472053,10,25.5,2,0,0,"8-18","1-1",NA,NA,1,NA,2,51,NA,NA,NA
"109",401413213,"Jacksonville State",64,59,28.0317284320287,-9.77825310917872,0.5625,0.322033898305085,0.437995756750448,-0.165733103545402,10,27.1,7,35,5,"7-11","1-2",NA,NA,1,NA,1,61,NA,NA,NA
"110",401413213,"Stephen F. Austin",59,64,-9.77825310917872,28.0317284320287,0.322033898305085,0.5625,-0.165733103545402,0.437995756750448,12,34,5,17,3.4,"6-15","1-3",NA,NA,1,NA,1,66,NA,NA,NA
"111",401413214,"Davidson",67,48,8.40637520338035,17.9875012486671,0.417910447761194,0.520833333333333,0.125468286617617,0.374739609347231,10,29.2,4,17,4.25,"10-17","2-4",NA,NA,0,NA,3,49,NA,NA,NA
"112",401413214,"Jacksonville State",48,67,17.9875012486671,8.40637520338035,0.520833333333333,0.417910447761194,0.374739609347231,0.125468286617617,10,45.6,7,35,5,"2-6","1-2",NA,NA,1,NA,0,71,NA,NA,NA
"113",401413224,"Cal Poly",65,75,-3.85504548979528,34.2988175439742,0.338461538461538,0.64,-0.0593083921506966,0.45731756725299,10,22.8,4,7,1.75,"4-14","2-5",1,5,0,2,0,77,7,NA,NA
"114",401413224,"Fresno State",75,65,34.2988175439742,-3.85504548979528,0.64,0.338461538461538,0.45731756725299,-0.0593083921506966,10,22.1,7,35,5,"5-10","1-1",3,8,0,5,0,68,13,"http://a.espncdn.com/i/teamlogos/ncaa/500/278.png","#c41230"
"115",401413236,"Eastern Washington",76,79,25.8704934309281,26.234858415358,0.5,0.40506329113924,0.340401229354318,0.332086815384279,14,29,7,36,5.14285714285714,"7-16","1-1",NA,NA,0,NA,1,82,NA,NA,NA
"116",401413236,"Tennessee State",79,76,26.234858415358,25.8704934309281,0.40506329113924,0.5,0.332086815384279,0.340401229354318,14,24.0714285714286,6,22,3.66666666666667,"5-16","3-3",NA,NA,1,NA,2,79,NA,NA,NA
"117",401413333,"Montana",71,71,21.5634575643536,-1.99824284737939,0.450704225352113,0.295774647887324,0.303710669920473,-0.0281442654560478,14,47.3571428571429,11,33,3,"7-15","1-3",NA,NA,0,NA,0,75,NA,NA,NA
"118",401413333,"Northwestern State",71,71,-1.99824284737939,21.5634575643536,0.295774647887324,0.450704225352113,-0.0281442654560478,0.303710669920473,15,20.0666666666667,NA,NA,NA,"4-16","1-2",NA,NA,2,NA,3,73,NA,NA,NA
"119",401415209,"Air Force",63,56,49.6718244520765,10.9288845459676,0.571428571428571,0.5,0.788441657969468,0.195158652606564,11,20.7272727272727,8,50,6.25,"7-11","0-0",0,2,0,4,2,58,8,"http://a.espncdn.com/i/teamlogos/ncaa/500/2005.png","#004a7b"
"120",401415209,"Northern Iowa",56,63,10.9288845459676,49.6718244520765,0.5,0.571428571428571,0.195158652606564,0.788441657969468,11,29.2727272727273,5,14,2.8,"2-8","0-0",0,3,1,0,1,70,5,NA,NA
"121",401415210,"Maine",46,72,-8.66279791386815,22.6334955946441,0.217391304347826,0.597222222222222,-0.188321693779742,0.314354105481168,12,32,1,0,0,"1-13","1-3",0,5,1,1,1,73,8,NA,NA
"122",401415210,"New Mexico",72,46,22.6334955946441,-8.66279791386815,0.597222222222222,0.217391304347826,0.314354105481168,-0.188321693779742,13,36.7692307692308,8,62,7.75,"9-12","0-1",5,4,2,5,0,47,11,"http://a.espncdn.com/i/teamlogos/ncaa/500/167.png","#000000"
"123",401415211,"Tulsa",83,65,11.6278944992855,13.1802694196296,0.421686746987952,0.461538461538462,0.140095114449223,0.20277337568661,16,29.75,9,37,4.11111111111111,"9-19","0-0",0,3,0,3,2,72,8,"http://a.espncdn.com/i/teamlogos/ncaa/500/202.png","#004371"
"124",401415211,"Wyoming",65,83,13.1802694196296,11.6278944992855,0.461538461538462,0.421686746987952,0.20277337568661,0.140095114449223,14,35.2857142857143,8,26,3.25,"5-15","0-0",0,4,0,8,1,89,13,"http://a.espncdn.com/i/teamlogos/ncaa/500/2751.png","#533B22"
"125",401415213,"Portland State",69,59,8.90528244366358,-1.47706273731279,0.434782608695652,0.372881355932203,0.129062064400921,-0.0250349616493693,11,19.4545454545455,5,17,3.4,"5-13","3-3",2,11,2,2,1,60,16,NA,NA
"126",401415213,"San Jos√© State",59,69,-1.47706273731279,8.90528244366358,0.372881355932203,0.434782608695652,-0.0250349616493693,0.129062064400921,11,35.9090909090909,6,21,3.5,"4-12","0-2",2,3,0,4,0,73,7,"http://a.espncdn.com/i/teamlogos/ncaa/500/23.png","#005893"
"127",401415611,"Delaware",58,75,2.92589085566194,-4.3777540268996,0.293103448275862,0.373333333333333,0.0504463940631369,-0.0583700536919946,14,33.7142857142857,5,14,2.8,"2-13","1-3",2,4,0,2,1,77,7,NA,NA
"128",401415611,"Navy",75,58,-4.3777540268996,2.92589085566194,0.373333333333333,0.293103448275862,-0.0583700536919946,0.0504463940631369,14,28.3571428571429,6,7,1.16666666666667,"5-16","0-3",5,12,0,4,3,62,19,"http://a.espncdn.com/i/teamlogos/ncaa/500/2426.png","#131630"
"129",401415612,"BYU",69,56,26.3920469098057,-1.38217362361647,0.521739130434783,0.321428571428571,0.382493433475444,-0.0246816718502941,11,28.1818181818182,8,41,5.125,"7-13","2-2",0,3,1,2,0,57,6,"http://a.espncdn.com/i/teamlogos/ncaa/500/252.png","#001E4C"
"130",401415612,"South Florida",56,69,-1.38217362361647,26.3920469098057,0.321428571428571,0.521739130434783,-0.0246816718502941,0.382493433475444,12,31.6666666666667,4,14,3.5,"3-12","2-5",1,7,1,2,0,71,10,"http://a.espncdn.com/i/teamlogos/ncaa/500/58.png","#004A36"
"131",401416568,"Akron",62,64,12.2667075466822,12.7607655185709,0.403225806451613,0.390625,0.197850121720681,0.19938696122767,13,29.2307692307692,3,10,3.33333333333333,"3-15","2-3",2,6,0,4,0,71,10,"http://a.espncdn.com/i/teamlogos/ncaa/500/2006.png","#00285e"
"132",401416568,"St Francis (PA)",64,62,12.7607655185709,12.2667075466822,0.390625,0.403225806451613,0.19938696122767,0.197850121720681,13,24.9230769230769,5,23,4.6,"4-17","2-2",0,9,1,4,0,70,14,NA,NA
"133",401416569,"Central Michigan",88,73,25.7324572166807,22.8405349981684,0.454545454545455,0.493150684931507,0.29241428655319,0.3128840410708,17,23.2941176470588,7,44,6.28571428571429,"4-15","2-4",0,5,1,4,0,73,10,"http://a.espncdn.com/i/teamlogos/ncaa/500/2117.png","#6a0032"
"134",401416569,"Oklahoma State",73,88,22.8405349981684,25.7324572166807,0.493150684931507,0.454545454545455,0.3128840410708,0.29241428655319,17,37.2352941176471,9,56,6.22222222222222,"3-12","0-0",0,13,0,6,0,89,19,"http://a.espncdn.com/i/teamlogos/ncaa/500/197.png","#FF6500"
"135",401416590,"Eastern Kentucky",78,63,23.6451927335543,19.9101706454543,0.487179487179487,0.507936507936508,0.303143496584029,0.31603445468975,12,24.8333333333333,7,34,4.85714285714286,"12-18","1-1",0,4,1,4,1,63,10,NA,NA
"136",401416590,"Eastern Michigan",63,78,19.9101706454543,23.6451927335543,0.507936507936508,0.487179487179487,0.31603445468975,0.303143496584029,12,37.4166666666667,7,42,6,"6-11","0-0",2,1,1,4,1,81,7,"http://a.espncdn.com/i/teamlogos/ncaa/500/2199.png","#00331b"
"137",401416591,"Michigan State",55,72,17.7528910869116,8.70292744212139,0.454545454545455,0.361111111111111,0.322779837943847,0.120873992251686,13,35.2307692307692,8,28,3.5,"3-10","1-1",2,11,1,6,1,75,19,"http://a.espncdn.com/i/teamlogos/ncaa/500/127.png","#18453B"
"138",401416591,"Western Michigan",72,55,8.70292744212139,17.7528910869116,0.361111111111111,0.454545454545455,0.120873992251686,0.322779837943847,13,21.3846153846154,4,13,3.25,"6-18","2-3",3,2,0,2,2,57,6,"http://a.espncdn.com/i/teamlogos/ncaa/500/2711.png","#B59966"
"139",401416592,"Eastern Illinois",65,56,27.3281621084714,22.2922346331706,0.492307692307692,0.392857142857143,0.420433263207252,0.398075618449475,10,25.5,7,27,3.85714285714286,"8-12","0-1",2,3,2,5,0,59,10,NA,NA
"140",401416592,"Northern Illinois",56,65,22.2922346331706,27.3281621084714,0.392857142857143,0.492307692307692,0.398075618449475,0.420433263207252,10,29.6,7,34,4.85714285714286,"6-11","0-0",2,0,0,1,0,67,1,"http://a.espncdn.com/i/teamlogos/ncaa/500/2459.png","#F1122C"
"141",401418645,"Kennesaw State",75,55,8.2804258893766,20.211171574112,0.373333333333333,0.490909090909091,0.110405678525021,0.367475846802036,10,30.2,4,17,4.25,"9-18","2-3",NA,NA,1,NA,0,57,NA,NA,NA
"142",401418645,"Samford",55,75,20.211171574112,8.2804258893766,0.490909090909091,0.373333333333333,0.367475846802036,0.110405678525021,11,26.8181818181818,6,27,4.5,"8-11","0-0",NA,NA,0,NA,2,76,NA,NA,NA
"143",401418776,"Indiana State",53,73,-5.55385298351564,-4.88482850831392,0.339622641509434,0.315068493150685,-0.104789678934257,-0.066915459017999,14,34,4,14,3.5,"2-15","0-0",NA,NA,2,NA,1,83,NA,NA,NA
"144",401418776,"North Alabama",73,53,-4.88482850831392,-5.55385298351564,0.315068493150685,0.339622641509434,-0.066915459017999,-0.104789678934257,16,33.5,4,8,2,"7-19","0-2",NA,NA,2,NA,0,61,NA,NA,NA
"145",401418782,"Abilene Christian",83,47,9.85541625098369,2.88905137282664,0.373493975903614,0.234042553191489,0.118739954831129,0.0614691781452476,13,35.9230769230769,9,28,3.11111111111111,"9-18","0-1",NA,NA,0,NA,0,47,NA,NA,NA
"146",401418782,"Lamar",47,83,2.88905137282664,9.85541625098369,0.234042553191489,0.373493975903614,0.0614691781452476,0.118739954831129,11,26.3636363636364,4,7,1.75,"3-13","1-4",NA,NA,0,NA,1,86,NA,NA,NA
"147",401420777,"Georgia Southern",75,59,28.8094494443717,-5.38317937818694,0.453333333333333,0.271186440677966,0.384125992591623,-0.0912403284438465,15,43,9,59,6.55555555555556,"11-17","0-0",5,5,1,3,0,59,9,"http://a.espncdn.com/i/teamlogos/ncaa/500/290.png","#003775"
"148",401420777,"Morgan State",59,75,-5.38317937818694,28.8094494443717,0.271186440677966,0.453333333333333,-0.0912403284438465,0.384125992591623,14,20.5,1,0,0,"2-13","0-1",4,0,3,3,1,78,7,NA,NA
"149",401420797,"North Carolina A&T",66,68,-4.00975467283042,11.3421760589727,0.318181818181818,0.382352941176471,-0.0607538586792487,0.166796706749599,10,26.4,6,25,4.16666666666667,"6-15","2-5",NA,NA,1,NA,0,65,NA,NA,NA
"150",401420797,"North Carolina Central",68,66,11.3421760589727,-4.00975467283042,0.382352941176471,0.318181818181818,0.166796706749599,-0.0607538586792487,10,33.6,4,28,7,"10-16","1-1",NA,NA,0,NA,0,66,NA,NA,NA
"151",401420806,"Central Arkansas",72,58,5.29456985338446,7.79239193168345,0.333333333333333,0.379310344827586,0.0735356924081175,0.134351585029025,13,28.2307692307692,6,21,3.5,"1-12","2-3",NA,NA,2,NA,0,65,NA,NA,NA
"152",401420806,"Missouri State",58,72,7.79239193168345,5.29456985338446,0.379310344827586,0.333333333333333,0.134351585029025,0.0735356924081175,12,29.75,5,20,4,"4-13","0-0",NA,NA,0,NA,2,75,NA,NA,NA
"153",401420822,"Duquesne",66,70,12.0114099972754,21.3835078903238,0.439393939393939,0.485714285714286,0.181991060564779,0.305478684147483,11,25.2727272727273,5,14,2.8,"7-16","0-2",NA,NA,3,NA,0,72,NA,NA,NA
"154",401420822,"Youngstown State",70,66,21.3835078903238,12.0114099972754,0.485714285714286,0.439393939393939,0.305478684147483,0.181991060564779,12,35,9,24,2.66666666666667,"4-13","2-4",NA,NA,0,NA,1,67,NA,NA,NA
"155",401420836,"Drake",70,49,-20.7167450437343,18.1113626811327,0.371428571428571,0.489795918367347,-0.295953500624776,0.369619646553729,12,24.0833333333333,5,14,2.8,"6-15","2-4",NA,NA,1,NA,1,51,NA,NA,NA
"156",401420836,"North Dakota State",49,70,18.1113626811327,-20.7167450437343,0.489795918367347,0.371428571428571,0.369619646553729,-0.295953500624776,9,38.2222222222222,6,42,7,"4-8","0-0",NA,NA,0,NA,0,71,NA,NA,NA
"157",401420840,"UT Martin",82,65,25.9791553968301,9.06001894904817,0.48780487804878,0.276923076923077,0.316818968254026,0.139384906908433,14,33,10,35,3.5,"4-11","0-1",NA,NA,1,NA,0,67,NA,NA,NA
"158",401420840,"Western Illinois",65,82,9.06001894904817,25.9791553968301,0.276923076923077,0.48780487804878,0.139384906908433,0.316818968254026,15,28.4,6,25,4.16666666666667,"3-13","1-3",NA,NA,2,NA,0,83,NA,NA,NA
"159",401420846,"Incarnate Word",54,90,37.5858150534393,6.10479614604786,0.462962962962963,0.355555555555556,0.696033612100728,0.0678310682894207,11,30,8,48,6,"7-11","1-1",NA,NA,0,NA,0,94,NA,NA,NA
"160",401420846,"Southern Illinois",90,54,6.10479614604786,37.5858150534393,0.355555555555556,0.462962962962963,0.0678310682894207,0.696033612100728,13,26.2307692307692,6,29,4.83333333333333,"6-18","3-5",NA,NA,1,NA,0,54,NA,NA,NA
"161",401420855,"Sacramento State",77,82,24.8986634292212,10.8504461274308,0.571428571428571,0.414634146341463,0.323359265314561,0.132322513749156,13,33,9,48,5.33333333333333,"3-10","1-2",NA,NA,0,NA,1,83,NA,NA,NA
"162",401420855,"Utah Tech",82,77,10.8504461274308,24.8986634292212,0.414634146341463,0.571428571428571,0.132322513749156,0.323359265314561,16,25.375,8,33,4.125,"3-15","1-2",NA,NA,3,NA,0,78,NA,NA,NA
"163",401420873,"Alcorn State",57,75,14.573244279748,10.6571593815929,0.385964912280702,0.453333333333333,0.255670952276281,0.142095458421239,11,20.3636363636364,5,51,10.2,"4-14","1-1",NA,NA,1,NA,0,77,NA,NA,NA
"164",401420873,"Stephen F. Austin",75,57,10.6571593815929,14.573244279748,0.453333333333333,0.385964912280702,0.142095458421239,0.255670952276281,12,37.5833333333333,8,22,2.75,"11-19","1-2",NA,NA,0,NA,1,61,NA,NA,NA
"165",401420877,"Southern Utah",66,77,24.4094985872861,13.1608320771522,0.424242424242424,0.402597402597403,0.369840887686153,0.170919897105873,14,40.6428571428571,9,44,4.88888888888889,"6-15","1-1",NA,NA,0,NA,0,85,NA,NA,NA
"166",401420877,"St. Thomas (MN)",77,66,13.1608320771522,24.4094985872861,0.402597402597403,0.424242424242424,0.170919897105873,0.369840887686153,13,20.2307692307692,6,10,1.66666666666667,"4-16","3-7",NA,NA,2,NA,2,73,NA,NA,NA
"167",401421116,"Nicholls",55,74,-2.34534469598221,24.8896561603263,0.254545454545455,0.486486486486487,-0.0426426308360403,0.336346704869275,15,22.6,2,7,3.5,"2-13","0-2",1,6,1,2,1,76,10,NA,NA
"168",401421116,"South Alabama",74,55,24.8896561603263,-2.34534469598221,0.486486486486487,0.254545454545455,0.336346704869275,-0.0426426308360403,15,40.1333333333333,9,41,4.55555555555556,"3-13","1-1",4,3,0,1,0,55,4,"http://a.espncdn.com/i/teamlogos/ncaa/500/6.png","#003E7E"
"169",401421121,"Louisiana",69,61,3.97447850720185,0.867047698029694,0.405797101449275,0.311475409836066,0.057601137785534,0.0142138966890114,10,30.9,6,17,2.83333333333333,"6-15","1-3",1,5,0,1,0,62,6,"http://a.espncdn.com/i/teamlogos/ncaa/500/309.png","#ce2842"
"170",401421121,"Southeastern Louisiana",61,69,0.867047698029694,3.97447850720185,0.311475409836066,0.405797101449275,0.0142138966890114,0.057601137785534,12,22,3,7,2.33333333333333,"6-15","1-3",3,3,2,1,0,70,6,NA,NA
"171",401421125,"Lincoln University (CA)",66,53,-35.8698648717876,21.7391649785605,0.151515151515152,0.39622641509434,-0.543482801087691,0.410172924123783,15,100,15,7,0.466666666666667,"2-15","0-4",NA,NA,1,NA,1,57,NA,NA,NA
"172",401421125,"Texas A&M-Commerce",53,66,21.7391649785605,-35.8698648717876,0.39622641509434,0.151515151515152,0.410172924123783,-0.543482801087691,12,43.0833333333333,10,30,3,"5-13","2-3",NA,NA,1,NA,2,67,NA,NA,NA
"173",401421137,"Campbell",61,51,14.3499348390406,4.58785605784984,0.442622950819672,0.313725490196078,0.235244833426896,0.0899579619186243,9,39.2222222222222,7,31,4.42857142857143,"6-13","3-3",NA,NA,0,NA,1,55,NA,NA,NA
"174",401421137,"The Citadel",51,61,4.58785605784984,14.3499348390406,0.313725490196078,0.442622950819672,0.0899579619186243,0.235244833426896,9,25.3333333333333,3,1,0.333333333333333,"4-13","2-3",NA,NA,2,NA,1,65,NA,NA,NA
"175",401421156,"Furman",69,57,33.3072701311829,-11.3984034517595,0.681159420289855,0.245614035087719,0.482714059872216,-0.199971990381746,12,26.75,8,45,5.625,"8-13","0-0",NA,NA,0,NA,0,59,NA,NA,NA
"176",401421156,"North Greenville",57,69,-11.3984034517595,33.3072701311829,0.245614035087719,0.681159420289855,-0.199971990381746,0.482714059872216,12,23,2,0,0,"7-16","0-0",NA,NA,2,NA,1,74,NA,NA,NA
"177",401422922,"Mercer",57,77,45.0338249356663,-4.47553625005664,0.649122807017544,0.350649350649351,0.790067104134496,-0.058123847403333,12,39.75,10,56,5.6,"8-10","0-0",NA,NA,0,NA,2,80,NA,NA,NA
"178",401422922,"Morehead State",77,57,-4.47553625005664,45.0338249356663,0.350649350649351,0.649122807017544,-0.058123847403333,0.790067104134496,14,29.2857142857143,4,13,3.25,"9-21","1-2",NA,NA,1,NA,1,58,NA,NA,NA
"179",401422975,"Charleston Southern",73,73,19.857121975532,33.466428923826,0.383561643835616,0.520547945205479,0.272015369527835,0.458444231833233,16,27.5625,10,38,3.8,"7-17","0-1",NA,NA,1,NA,1,75,NA,NA,NA
"180",401422975,"Western Carolina",73,73,33.466428923826,19.857121975532,0.520547945205479,0.383561643835616,0.458444231833233,0.272015369527835,16,31.5,11,52,4.72727272727273,"6-12","1-1",NA,NA,2,NA,2,75,NA,NA,NA
"181",401422978,"Bucknell",52,77,2.66134313736644,-0.548440185240253,0.326923076923077,0.480519480519481,0.0511796757185854,-0.00712259980831497,11,23.7272727272727,5,7,1.4,"3-13","0-2",NA,NA,0,NA,0,92,NA,NA,NA
"182",401422978,"Towson",77,52,-0.548440185240253,2.66134313736644,0.480519480519481,0.326923076923077,-0.00712259980831497,0.0511796757185854,12,26.75,5,7,1.4,"10-19","0-2",NA,NA,1,NA,0,58,NA,NA,NA
"183",401422987,"Lafayette",47,77,-10.4674198406115,-0.737918688895361,0.191489361702128,0.376623376623377,-0.222711060438543,-0.00958335959604365,13,33.5384615384615,2,6,3,"1-11","0-1",NA,NA,2,NA,0,79,NA,NA,NA
"184",401422987,"Sacred Heart",77,47,-0.737918688895361,-10.4674198406115,0.376623376623377,0.191489361702128,-0.00958335959604365,-0.222711060438543,13,25.6153846153846,4,0,0,"8-19","1-1",NA,NA,0,NA,2,47,NA,NA,NA
"185",401423136,"Butler",74,65,20.970011207887,16.7724933423449,0.445945945945946,0.384615384615385,0.283378529836311,0.258038359112999,12,31.3333333333333,7,31,4.42857142857143,"9-17","1-2",NA,NA,1,NA,1,65,NA,NA,NA
"186",401423136,"St. Thomas University (Fl)",65,74,16.7724933423449,20.970011207887,0.384615384615385,0.445945945945946,0.258038359112999,0.283378529836311,12,100,12,26,2.16666666666667,"6-13","1-3",NA,NA,1,NA,0,80,NA,NA,NA
"187",401423448,"Alabama State",58,64,14.0078342944441,2.31433840644621,0.431034482758621,0.390625,0.241514384386967,0.0361615376007221,10,25.8,4,23,5.75,"4-11","1-1",NA,NA,1,NA,1,67,NA,NA,NA
"188",401423448,"Howard",64,58,2.31433840644621,14.0078342944441,0.390625,0.431034482758621,0.0361615376007221,0.241514384386967,11,41.5454545454545,6,13,2.16666666666667,"4-12","1-2",NA,NA,1,NA,0,59,NA,NA,NA
"189",401423918,"Prairie View",17,12,4.55601558623591,1.27410135862424,0.529411764705882,0.333333333333333,0.268000916837406,0.106175113218687,3,55.3333333333333,2,14,7,"2-3","0-1",NA,NA,0,NA,0,13,NA,NA,NA
"190",401423918,"Texas Southern",12,17,1.27410135862424,4.55601558623591,0.333333333333333,0.529411764705882,0.106175113218687,0.268000916837406,4,31.5,1,7,7,"0-3","0-0",NA,NA,0,NA,0,18,NA,NA,NA
"191",401424402,"Monmouth",79,58,-7.78152125821371,10.290207431692,0.341772151898734,0.431034482758621,-0.0985002690913128,0.177417369511931,13,33.8461538461538,4,14,3.5,"6-18","3-5",NA,NA,3,NA,0,63,NA,NA,NA
"192",401424402,"New Hampshire",58,79,10.290207431692,-7.78152125821371,0.431034482758621,0.341772151898734,0.177417369511931,-0.0985002690913128,11,27.4545454545455,6,12,2,"5-13","0-2",NA,NA,1,NA,0,81,NA,NA,NA
"193",401424414,"Rhode Island",67,67,17.0229066779165,0.488497967547598,0.417910447761194,0.373134328358209,0.254073233998753,0.00729101444100893,10,32.7,6,28,4.66666666666667,"9-14","0-1",NA,NA,0,NA,1,67,NA,NA,NA
"194",401424414,"Stony Brook",67,67,0.488497967547598,17.0229066779165,0.373134328358209,0.417910447761194,0.00729101444100893,0.254073233998753,10,26,3,7,2.33333333333333,"6-16","1-2",NA,NA,3,NA,0,68,NA,NA,NA
"195",401424415,"Lehigh",79,52,6.57342182207402,22.2561354492899,0.417721518987342,0.461538461538462,0.083207871165494,0.428002604794037,11,25.2727272727273,6,17,2.83333333333333,"5-15","2-5",NA,NA,1,NA,1,52,NA,NA,NA
"196",401424415,"Villanova",52,79,22.2561354492899,6.57342182207402,0.461538461538462,0.417721518987342,0.428002604794037,0.083207871165494,11,38.6363636363636,8,44,5.5,"4-8","0-1",NA,NA,0,NA,0,78,NA,NA,NA
"197",401424416,"Albany",59,68,-1.8871354639341,42.5231907155868,0.23728813559322,0.647058823529412,-0.0319853468463408,0.6253410399351,13,26.8461538461538,2,10,5,"5-17","0-0",1,6,0,2,1,68,9,NA,NA
"198",401424416,"Baylor",68,59,42.5231907155868,-1.8871354639341,0.647058823529412,0.23728813559322,0.6253410399351,-0.0319853468463408,12,35,8,55,6.875,"6-10","1-2",4,3,0,9,0,61,12,"http://a.espncdn.com/i/teamlogos/ncaa/500/239.png","#004834"
"199",401425418,"Arkansas State",81,51,22.5181330835482,-1.3949162091504,0.54320987654321,0.215686274509804,0.278001643006767,-0.0273512982186353,12,39.0833333333333,10,56,5.6,"6-12","3-5",0,14,0,4,0,52,18,"http://a.espncdn.com/i/teamlogos/ncaa/500/2032.png","#e81018"
"200",401425418,"Grambling",51,81,-1.3949162091504,22.5181330835482,0.215686274509804,0.54320987654321,-0.0273512982186353,0.278001643006767,11,21.8181818181818,1,3,3,"2-13","1-1",0,10,1,0,0,80,11,NA,NA
"201",401425510,"East Tennessee State",62,70,4.54267693700834,-11.768290153065,0.354838709677419,0.314285714285714,0.0732689828549732,-0.168118430758071,15,42.7333333333333,9,30,3.33333333333333,"4-13","0-1",NA,NA,1,NA,0,71,NA,NA,NA
"202",401425510,"Mars Hill",70,62,-11.768290153065,4.54267693700834,0.314285714285714,0.354838709677419,-0.168118430758071,0.0732689828549732,16,26.0625,3,7,2.33333333333333,"3-16","2-3",NA,NA,2,NA,1,65,NA,NA,NA
"203",401425513,"Delaware State",52,52,12.1765904907023,-1.64543815125378,0.5,0.326923076923077,0.234165201744275,-0.0316430413702651,13,48.4615384615385,8,45,5.625,"5-14","0-1",NA,NA,0,NA,1,61,NA,NA,NA
"204",401425513,"Lincoln (PA)",52,52,-1.64543815125378,12.1765904907023,0.326923076923077,0.5,-0.0316430413702651,0.234165201744275,13,19.6153846153846,1,0,0,"2-14","1-4",NA,NA,0,NA,0,65,NA,NA,NA
"205",401426330,"Old Dominion",67,74,-7.10087169667074,8.59450507780838,0.253731343283582,0.364864864864865,-0.105983159651802,0.116141960510924,15,28.6666666666667,4,13,3.25,"2-15","1-2",2,5,0,5,2,76,12,"http://a.espncdn.com/i/teamlogos/ncaa/500/295.png","#00507d"
"206",401426330,"Virginia Tech",74,67,8.59450507780838,-7.10087169667074,0.364864864864865,0.253731343283582,0.116141960510924,-0.105983159651802,16,30,6,17,2.83333333333333,"5-17","0-1",4,7,4,5,1,70,17,"http://a.espncdn.com/i/teamlogos/ncaa/500/259.png","#630031"
"207",401426530,"Charlotte",53,71,-5.16036050596337,26.9124555067019,0.339622641509434,0.47887323943662,-0.0973652925653466,0.379048669108477,11,26.4545454545455,4,7,1.75,"2-11","0-2",0,0,1,0,0,79,1,"http://a.espncdn.com/i/teamlogos/ncaa/500/2429.png","#0C562D"
"208",401426530,"Florida Atlantic",71,53,26.9124555067019,-5.16036050596337,0.47887323943662,0.339622641509434,0.379048669108477,-0.0973652925653466,11,26.8181818181818,8,44,5.5,"8-16","2-2",0,0,0,2,0,56,2,"http://a.espncdn.com/i/teamlogos/ncaa/500/2226.png","#004B85"
"209",401426531,"North Texas",68,75,15.6971777551178,3.63441025811789,0.426470588235294,0.373333333333333,0.230840849339968,0.0484588034415719,11,25.8181818181818,5,31,6.2,"6-12","1-1",0,0,0,5,1,81,6,"http://a.espncdn.com/i/teamlogos/ncaa/500/249.png","#00853D"
"210",401426531,"UTEP",75,68,3.63441025811789,15.6971777551178,0.373333333333333,0.426470588235294,0.0484588034415719,0.230840849339968,10,29.6,7,13,1.85714285714286,"7-18","2-6",0,0,0,2,1,71,3,"http://a.espncdn.com/i/teamlogos/ncaa/500/2638.png","#002843"
"211",401426532,"Austin Peay",65,64,-0.869105928179102,13.8082028771231,0.415384615384615,0.40625,-0.0133708604335247,0.215753169955048,13,28.0769230769231,5,27,5.4,"7-18","2-2",0,0,2,6,2,66,10,NA,NA
"212",401426532,"Western Kentucky",64,65,13.8082028771231,-0.869105928179102,0.40625,0.415384615384615,0.215753169955048,-0.0133708604335247,14,33.7142857142857,7,31,4.42857142857143,"5-14","1-1",2,4,1,1,0,71,6,"http://a.espncdn.com/i/teamlogos/ncaa/500/98.png","#F32026"
"213",401426533,"Bryant",79,78,16.2334667734819,22.7270814723662,0.481012658227848,0.448717948717949,0.205486921183315,0.291372839389311,11,37.2727272727273,7,36,5.14285714285714,"10-17","2-2",1,0,0,7,1,89,8,NA,NA
"214",401426533,"Florida International",78,79,22.7270814723662,16.2334667734819,0.448717948717949,0.481012658227848,0.291372839389311,0.205486921183315,12,30.5,7,42,6,"4-15","4-6",2,0,0,4,0,84,4,"http://a.espncdn.com/i/teamlogos/ncaa/500/2229.png","#001538"
"215",401426534,"Alabama A&M",71,62,-16.4866245068589,30.0570910517454,0.28169014084507,0.5,-0.232205978969844,0.484791791157183,13,25.6153846153846,4,0,0,"3-15","3-6",3,4,3,1,1,64,9,NA,NA
"216",401426534,"UAB",62,71,30.0570910517454,-16.4866245068589,0.5,0.28169014084507,0.484791791157183,-0.232205978969844,11,36.4545454545455,8,45,5.625,"4-9","1-2",2,4,1,4,0,72,9,"http://a.espncdn.com/i/teamlogos/ncaa/500/5.png","#003b28"
"217",401426535,"Charlotte",68,67,8.7897020873656,30.7992566570899,0.411764705882353,0.522388059701492,0.1292603248142,0.459690397867014,11,27,6,27,4.5,"7-15","0-2",5,6,0,1,0,72,7,"http://a.espncdn.com/i/teamlogos/ncaa/500/2429.png","#0C562D"
"218",401426535,"William & Mary",67,68,30.7992566570899,8.7897020873656,0.522388059701492,0.411764705882353,0.459690397867014,0.1292603248142,11,30.1818181818182,7,60,8.57142857142857,"3-11","2-2",4,8,0,8,0,73,16,NA,NA
"219",401426536,"Florida Atlantic",71,70,27.9831558126629,23.931204064465,0.436619718309859,0.5,0.394128955107929,0.341874343778071,12,29.9166666666667,7,38,5.42857142857143,"7-13","0-1",7,7,0,2,2,75,11,"http://a.espncdn.com/i/teamlogos/ncaa/500/2226.png","#004B85"
"220",401426536,"Ohio",70,71,23.931204064465,27.9831558126629,0.5,0.436619718309859,0.341874343778071,0.394128955107929,14,31.5,7,41,5.85714285714286,"5-12","0-0",7,3,0,4,0,71,7,"http://a.espncdn.com/i/teamlogos/ncaa/500/195.png","#295A29"
"221",401426537,"Louisiana Tech",68,79,0.105248075722729,22.5186604437402,0.338235294117647,0.481012658227848,0.00154776581945189,0.285046334730889,16,25.3125,6,24,4,"6-17","0-0",0,7,3,1,0,81,11,"http://a.espncdn.com/i/teamlogos/ncaa/500/2348.png","#002d65"
"222",401426537,"Missouri",79,68,22.5186604437402,0.105248075722729,0.481012658227848,0.338235294117647,0.285046334730889,0.00154776581945189,15,37.4666666666667,9,45,5,"6-12","1-2",2,9,1,8,1,70,19,"http://a.espncdn.com/i/teamlogos/ncaa/500/142.png","#000000"
"223",401426538,"James Madison",85,59,13.338759423163,-10.9229875461356,0.482352941176471,0.203389830508475,0.156926581448976,-0.185135382137892,14,35.7142857142857,12,41,3.41666666666667,"9-17","0-2",6,13,0,0,0,61,13,NA,NA
"224",401426538,"Middle Tennessee",59,85,-10.9229875461356,13.338759423163,0.203389830508475,0.482352941176471,-0.185135382137892,0.156926581448976,15,21.3333333333333,2,7,3.5,"4-15","0-1",4,8,0,2,1,86,11,"http://a.espncdn.com/i/teamlogos/ncaa/500/2393.png","#0079C2"
"225",401426539,"North Texas",82,65,-10.0484892407857,35.0204619968853,0.329268292682927,0.523076923076923,-0.122542551716898,0.538776338413621,15,28.2,7,10,1.42857142857143,"6-18","1-3",1,4,2,1,1,68,8,"http://a.espncdn.com/i/teamlogos/ncaa/500/249.png","#00853D"
"226",401426539,"SMU",65,82,35.0204619968853,-10.0484892407857,0.523076923076923,0.329268292682927,0.538776338413621,-0.122542551716898,13,27.8461538461538,8,48,6,"7-13","0-0",6,7,0,6,2,83,15,"http://a.espncdn.com/i/teamlogos/ncaa/500/2567.png","#E32F38"
"227",401426540,"Rice",62,58,-16.3560198056974,35.6527602669619,0.306451612903226,0.655172413793103,-0.263806771059635,0.614702763223481,11,26.7272727272727,4,14,3.5,"5-16","1-3",0,2,4,0,0,59,6,"http://a.espncdn.com/i/teamlogos/ncaa/500/242.png","#003D7D"
"228",401426540,"USC",58,62,35.6527602669619,-16.3560198056974,0.655172413793103,0.306451612903226,0.614702763223481,-0.263806771059635,9,30.8888888888889,7,42,6,"5-7","0-0",2,8,0,3,0,62,11,"http://a.espncdn.com/i/teamlogos/ncaa/500/30.png","#AE2531"
"229",401426541,"Oklahoma",61,82,32.3237426099743,2.20395197064634,0.590163934426229,0.402439024390244,0.529897419835645,0.0268774630566627,11,29,7,45,6.42857142857143,"3-8","1-1",10,9,0,6,0,85,15,"http://a.espncdn.com/i/teamlogos/ncaa/500/201.png","#7b0000"
"230",401426541,"UTEP",82,61,2.20395197064634,32.3237426099743,0.402439024390244,0.590163934426229,0.0268774630566627,0.529897419835645,11,22.8181818181818,5,13,2.6,"5-15","1-3",0,3,1,3,0,62,7,"http://a.espncdn.com/i/teamlogos/ncaa/500/2638.png","#002843"
"231",401426542,"Houston",68,65,14.0095973341267,15.5931403173895,0.338235294117647,0.446153846153846,0.206023490207746,0.239894466421378,11,29.6363636363636,4,17,4.25,"13-21","0-0",5,6,0,3,1,70,10,"http://a.espncdn.com/i/teamlogos/ncaa/500/248.png","#C90822"
"232",401426542,"UT San Antonio",65,68,15.5931403173895,14.0095973341267,0.446153846153846,0.338235294117647,0.239894466421378,0.206023490207746,12,32.6666666666667,7,26,3.71428571428571,"5-12","0-2",4,9,1,5,0,65,15,"http://a.espncdn.com/i/teamlogos/ncaa/500/2636.png","#002A5C"
"233",401426543,"Hawai'i",78,57,8.71215675647928,26.5808946643062,0.423076923076923,0.456140350877193,0.11169431739076,0.466331485338704,14,33.3571428571429,5,17,3.4,"4-16","1-4",2,3,5,2,1,61,11,"http://a.espncdn.com/i/teamlogos/ncaa/500/62.png","#003420"
"234",401426543,"Western Kentucky",57,78,26.5808946643062,8.71215675647928,0.456140350877193,0.423076923076923,0.466331485338704,0.11169431739076,13,38.1538461538462,8,35,4.375,"1-7","1-2",6,8,1,3,1,80,13,"http://a.espncdn.com/i/teamlogos/ncaa/500/98.png","#F32026"
"235",401428480,"Fordham",67,66,14.0676537262775,6.80710994593525,0.492537313432836,0.257575757575758,0.209964980989217,0.103138029483867,16,39.75,10,45,4.5,"9-14","0-0",NA,NA,1,NA,1,68,NA,NA,NA
"236",401428480,"Wagner",66,67,6.80710994593525,14.0676537262775,0.257575757575758,0.492537313432836,0.103138029483867,0.209964980989217,14,24.8571428571429,4,16,4,"6-16","1-2",NA,NA,2,NA,0,74,NA,NA,NA
"237",401431403,"Georgetown",78,51,9.94104702253003,-1.94205413607169,0.474358974358974,0.274509803921569,0.127449320801667,-0.0380794928641507,10,48.4,9,36,4,"7-15","4-6",NA,NA,0,NA,2,51,NA,NA,NA
"238",401431403,"Marist",51,78,-1.94205413607169,9.94104702253003,0.274509803921569,0.474358974358974,-0.0380794928641507,0.127449320801667,13,30.0769230769231,4,12,3,"2-10","0-1",NA,NA,3,NA,0,80,NA,NA,NA
"239",401431610,"Weber State",75,55,6.22338745590696,-9.6459604455703,0.4,0.236363636363636,0.0829784994120927,-0.175381099010369,14,47.7142857142857,10,41,4.1,"8-17","1-3",NA,NA,0,NA,0,62,NA,NA,NA
"240",401431610,"Western Oregon",55,75,-9.6459604455703,6.22338745590696,0.236363636363636,0.4,-0.175381099010369,0.0829784994120927,14,24.0714285714286,2,3,1.5,"2-14","1-4",NA,NA,3,NA,0,84,NA,NA,NA
"241",401432189,"La Verne",58,66,-11.4345935953882,26.8885100007386,0.155172413793103,0.484848484848485,-0.197148165437727,0.407401666677858,14,19.7142857142857,1,0,0,"5-17","0-1",NA,NA,2,NA,0,70,NA,NA,NA
"242",401432189,"San Diego",66,58,26.8885100007386,-11.4345935953882,0.484848484848485,0.155172413793103,0.407401666677858,-0.197148165437727,14,51.3571428571429,12,51,4.25,"5-13","1-1",NA,NA,0,NA,0,59,NA,NA,NA
"243",401432239,"Gardner-Webb",89,59,39.4508149504449,13.328036700885,0.584269662921348,0.440677966101695,0.443267583712864,0.225898927133645,13,37.1538461538462,11,56,5.09090909090909,"8-12","1-1",NA,NA,0,NA,0,59,NA,NA,NA
"244",401432239,"Limestone",59,89,13.328036700885,39.4508149504449,0.440677966101695,0.584269662921348,0.225898927133645,0.443267583712864,11,25.4545454545455,4,21,5.25,"2-12","2-5",NA,NA,0,NA,1,91,NA,NA,NA
"245",401435072,"Holy Cross",70,55,17.8639845701675,15.1494335121037,0.457142857142857,0.381818181818182,0.255199779573821,0.275444245674614,10,35.1,9,29,3.22222222222222,"7-12","1-2",NA,NA,1,NA,0,58,NA,NA,NA
"246",401435072,"Merrimack",55,70,15.1494335121037,17.8639845701675,0.381818181818182,0.457142857142857,0.275444245674614,0.255199779573821,9,26.5555555555556,5,17,3.4,"5-11","1-1",NA,NA,2,NA,0,74,NA,NA,NA
"247",401441990,"Long Island University",59,73,-6.04921496595688,10.4665908950709,0.186440677966102,0.383561643835616,-0.102529067219608,0.143377957466725,15,100,15,0,0,"3-16","0-1",2,0,1,2,0,78,3,NA,NA
"248",401441990,"Toledo",73,59,10.4665908950709,-6.04921496595688,0.383561643835616,0.186440677966102,0.143377957466725,-0.102529067219608,14,42.7857142857143,9,37,4.11111111111111,"4-15","2-3",3,0,1,4,0,60,5,"http://a.espncdn.com/i/teamlogos/ncaa/500/2649.png","#00488F"
"249",401466246,"Indiana Wesleyan",63,54,9.18531162635823,7.06170914541577,0.333333333333333,0.407407407407407,0.145798597243781,0.130772391581773,12,100,12,17,1.41666666666667,"8-17","1-1",NA,NA,0,NA,1,56,NA,NA,NA
"250",401466246,"Valparaiso",54,63,7.06170914541577,9.18531162635823,0.407407407407407,0.333333333333333,0.130772391581773,0.145798597243781,11,29.8181818181818,5,20,4,"4-12","0-0",NA,NA,0,NA,0,66,NA,NA,NA
