"","game_id","team","off_plays","def_plays","off_total_ppa","def_total_ppa","off_success_rate","def_success_rate","offPpaPerPlay","defPpaPerPlay","numDrives","avgFieldPosStart","numOpportunities","pointsDuringOpportunities","pointsPerOpportunity","third_down_eff","fourth_down_eff","qb_hurries","tackles_for_loss","interceptions","passes_deflected","total_fumbles","numPlays","havocPlays","logo","color"
"1",401281942,"Alabama",76,63,26.1874011369752,0.353891451930623,0.5,0.365079365079365,0.344571067591778,0.00561732463381942,12,30.5,8,44,5.5,"10-16","0-1","0","7","0","4","2",65,13,"http://a.espncdn.com/i/teamlogos/ncaa/500/333.png","#690014"
"2",401281942,"Miami",63,76,0.353891451930623,26.1874011369752,0.365079365079365,0.5,0.00561732463381942,0.344571067591778,13,31.2307692307692,3,10,3.33333333333333,"6-14","1-2","0","10","2","1","1",80,16,"http://a.espncdn.com/i/teamlogos/ncaa/500/2390.png","#004325"
"3",401281943,"Arkansas",65,75,15.5697274164611,-6.85056989291254,0.476923076923077,0.306666666666667,0.239534267945556,-0.0913409319055005,15,34.6666666666667,6,38,6.33333333333333,"3-11","0-1","5","6.5","1","3","2",97,13,"http://a.espncdn.com/i/teamlogos/ncaa/500/8.png","#9c1831"
"4",401281943,"Rice",75,65,-6.85056989291254,15.5697274164611,0.306666666666667,0.476923076923077,-0.0913409319055005,0.239534267945556,15,34.4,4,10,2.5,"4-15","1-2","2","3","3","1","1",84,11,"http://a.espncdn.com/i/teamlogos/ncaa/500/242.png","#003D7D"
"5",401281944,"Akron",73,62,13.6635232254681,48.42779464691,0.328767123287671,0.709677419354839,0.187171551033809,0.781093462046936,11,24.3636363636364,2,10,5,"3-14","2-5","1","2","0","0","4",60,6,"http://a.espncdn.com/i/teamlogos/ncaa/500/2006.png","#00285e"
"6",401281944,"Auburn",62,73,48.42779464691,13.6635232254681,0.709677419354839,0.328767123287671,0.781093462046936,0.187171551033809,11,33.2727272727273,9,51,5.66666666666667,"4-6","0-0","1","12","0","1","0",64,13,"http://a.espncdn.com/i/teamlogos/ncaa/500/2.png","#03244d"
"7",401281945,"Florida",80,67,25.3623873478037,9.03110111195649,0.5,0.373134328358209,0.317029841847546,0.134792553909798,12,33.0833333333333,8,35,4.375,"10-16","1-2","8","6","2","1","0",70,11,"http://a.espncdn.com/i/teamlogos/ncaa/500/57.png","#0021A5"
"8",401281945,"Florida Atlantic",67,80,9.03110111195649,25.3623873478037,0.373134328358209,0.5,0.134792553909798,0.317029841847546,11,22.0909090909091,3,14,4.66666666666667,"5-12","0-2","0","4","0","4","2",81,10,"http://a.espncdn.com/i/teamlogos/ncaa/500/2226.png","#004B85"
"9",401281946,"Clemson",60,61,-17.0701039206681,-1.33507060193129,0.266666666666667,0.344262295081967,-0.284501732011135,-0.021886403310349,11,25,1,3,3,"5-16","0-1","2","4","1","3","2",63,11,"http://a.espncdn.com/i/teamlogos/ncaa/500/228.png","#522D80"
"10",401281946,"Georgia",61,60,-1.33507060193129,-17.0701039206681,0.344262295081967,0.266666666666667,-0.021886403310349,-0.284501732011135,10,27.3,3,3,1,"7-15","0-0","2","8","1","4","2",61,16,"http://a.espncdn.com/i/teamlogos/ncaa/500/61.png","#CC0000"
"11",401281947,"Kentucky",66,63,28.0466626255091,-16.7214950309469,0.5,0.222222222222222,0.424949433719835,-0.265420556046776,13,26.6153846153846,8,38,4.75,"6-11","0-1","2","14","1","2","5",64,23,"http://a.espncdn.com/i/teamlogos/ncaa/500/96.png","#005DAA"
"12",401281947,"Louisiana Monroe",63,66,-16.7214950309469,28.0466626255091,0.222222222222222,0.5,-0.265420556046776,0.424949433719835,13,31.4615384615385,2,10,5,"6-19","1-1","3","4","0","2","0",68,6,"http://a.espncdn.com/i/teamlogos/ncaa/500/2433.png","#231F20"
"13",401281948,"LSU",69,63,13.6026704900362,24.8767285238788,0.405797101449275,0.46031746031746,0.197140152029509,0.394868706728235,12,29.5,6,27,4.5,"6-15","1-1","0","9","1","2","3",64,16,"http://a.espncdn.com/i/teamlogos/ncaa/500/99.png","#22005c"
"14",401281948,"UCLA",63,69,24.8767285238788,13.6026704900362,0.46031746031746,0.405797101449275,0.394868706728235,0.197140152029509,13,29.2307692307692,7,38,5.42857142857143,"7-13","0-0","3","4","1","5","0",73,11,"http://a.espncdn.com/i/teamlogos/ncaa/500/26.png","#005C8E"
"15",401281949,"Louisiana Tech",60,64,12.9172133889366,21.8816621679143,0.35,0.578125,0.21528688981561,0.34190097137366,15,36.0666666666667,6,27,4.5,"4-15","1-1","2","5","1","0","1",67,8,"http://a.espncdn.com/i/teamlogos/ncaa/500/2348.png","#002d65"
"16",401281949,"Mississippi State",64,60,21.8816621679143,12.9172133889366,0.578125,0.35,0.34190097137366,0.21528688981561,16,32.5625,7,35,5,"2-8","0-0","3","4","1","4","3",65,13,"http://a.espncdn.com/i/teamlogos/ncaa/500/344.png","#762123"
"17",401281950,"Central Michigan",84,68,19.6583397422595,9.15420758231811,0.392857142857143,0.397058823529412,0.234027854074518,0.134620699739972,14,20.2857142857143,5,24,4.8,"8-18","1-1","1","12","2","3","2",70,21,"http://a.espncdn.com/i/teamlogos/ncaa/500/2117.png","#6a0032"
"18",401281950,"Missouri",68,84,9.15420758231811,19.6583397422595,0.397058823529412,0.392857142857143,0.134620699739972,0.234027854074518,13,28.3846153846154,7,34,4.85714285714286,"1-11","0-1","3","14","0","6","0",87,20,"http://a.espncdn.com/i/teamlogos/ncaa/500/142.png","#000000"
"19",401281951,"Eastern Illinois",42,73,-16.8872468691605,25.4523520301888,0.333333333333333,0.520547945205479,-0.402077306408582,0.348662356577929,11,28,1,0,0,"0-9","1-1","2","5","2","1","0",76,10,NA,NA
"20",401281951,"South Carolina",73,42,25.4523520301888,-16.8872468691605,0.520547945205479,0.333333333333333,0.348662356577929,-0.402077306408582,10,33.4,7,39,5.57142857142857,"7-13","3-3","3","5","0","1","1",44,7,"http://a.espncdn.com/i/teamlogos/ncaa/500/2579.png","#670010"
"21",401281952,"Bowling Green",60,87,-1.82310917686177,16.815358841413,0.366666666666667,0.517241379310345,-0.0303851529476961,0.193279986682909,13,22.6153846153846,3,6,2,"2-14","0-2","0","4","0","0","1",89,5,"http://a.espncdn.com/i/teamlogos/ncaa/500/189.png","#2b1000"
"22",401281952,"Tennessee",87,60,16.815358841413,-1.82310917686177,0.517241379310345,0.366666666666667,0.193279986682909,-0.0303851529476961,13,35.3076923076923,8,38,4.75,"7-15","1-3","3","11","0","6","2",63,19,"http://a.espncdn.com/i/teamlogos/ncaa/500/2633.png","#EE9627"
"23",401282049,"New Mexico State",73,67,-13.914594242412,21.6877349920272,0.246575342465753,0.417910447761194,-0.19061088003304,0.323697537194436,11,33.8181818181818,5,3,0.6,"3-15","2-6","2","5","0","1","2",65,8,"http://a.espncdn.com/i/teamlogos/ncaa/500/166.png","#891216"
"24",401282049,"UTEP",67,73,21.6877349920272,-13.914594242412,0.417910447761194,0.246575342465753,0.323697537194436,-0.19061088003304,12,28.75,7,30,4.28571428571429,"3-12","2-3","4","7","2","5","0",69,16,"http://a.espncdn.com/i/teamlogos/ncaa/500/2638.png","#002843"
"25",401282050,"Jacksonville State",50,59,-11.2116423355287,29.4055395824067,0.28,0.542372881355932,-0.224232846710575,0.498398975972994,12,29.5833333333333,1,0,0,"2-13","0-1","0","5","0","2","0",62,7,NA,NA
"26",401282050,"UAB",59,50,29.4055395824067,-11.2116423355287,0.542372881355932,0.28,0.498398975972994,-0.224232846710575,11,28.4545454545455,7,31,4.42857142857143,"3-9","0-0","5","3","0","9","2",50,14,"http://a.espncdn.com/i/teamlogos/ncaa/500/5.png","#003b28"
"27",401282051,"Florida International",4,16,5.47701266321188,7.270686838241,0.5,0.375,1.36925316580297,0.454417927390063,8,37.5,5,0,0,"1-3","0-0","2","5","1","2","0",69,9,"http://a.espncdn.com/i/teamlogos/ncaa/500/2229.png","#001538"
"28",401282051,"Long Island University",16,4,7.270686838241,5.47701266321188,0.375,0.5,0.454417927390063,1.36925316580297,11,23.7272727272727,3,7,2.33333333333333,"8-18","1-1","1","0","0","0","0",35,0,NA,NA
"29",401282052,"Charlotte",69,68,23.3927452245589,31.0006113333617,0.405797101449275,0.529411764705882,0.33902529310955,0.455891343137672,12,21.8333333333333,5,31,6.2,"10-18","0-0","8","6","0","2","3",73,11,"http://a.espncdn.com/i/teamlogos/ncaa/500/2429.png","#0C562D"
"30",401282052,"Duke",68,69,31.0006113333617,23.3927452245589,0.529411764705882,0.405797101449275,0.455891343137672,0.33902529310955,13,28.6153846153846,8,21,2.625,"8-14","0-1","9","9","0","4","3",71,16,"http://a.espncdn.com/i/teamlogos/ncaa/500/150.png","#001A57"
"31",401282053,"Kent State",73,75,-9.32483531395675,21.9091118867,0.36986301369863,0.546666666666667,-0.127737470054202,0.292121491822667,14,34.5,6,10,1.66666666666667,"7-18","0-0","1","5","2","3","0",78,12,"http://a.espncdn.com/i/teamlogos/ncaa/500/2309.png","#002445"
"32",401282053,"Texas A&M",75,73,21.9091118867,-9.32483531395675,0.546666666666667,0.36986301369863,0.292121491822667,-0.127737470054202,12,28.0833333333333,10,34,3.4,"9-13","0-1","1","9","4","4","1",78,22,"http://a.espncdn.com/i/teamlogos/ncaa/500/245.png","#5C0025"
"33",401282055,"Louisville",73,67,29.9223799062381,50.9299887588965,0.493150684931507,0.522388059701492,0.409895615153947,0.760149085953679,10,25.6,6,24,4,"6-16","3-5","0","4","1","3","1",76,10,"http://a.espncdn.com/i/teamlogos/ncaa/500/97.png","#ad000a"
"34",401282055,"Ole Miss",67,73,50.9299887588965,29.9223799062381,0.522388059701492,0.493150684931507,0.760149085953679,0.409895615153947,12,28.75,8,40,5,"2-9","3-3","0","7","0","1","0",78,8,"http://a.espncdn.com/i/teamlogos/ncaa/500/145.png","#001148"
"35",401282174,"Marshall",62,92,25.995167254839,1.93337013634535,0.580645161290323,0.358695652173913,0.41927689120708,0.0210148927863625,13,38.5384615384615,9,42,4.66666666666667,"5-8","0-0","3","13","2","2","4",93,23,"http://a.espncdn.com/i/teamlogos/ncaa/500/276.png","#186329"
"36",401282174,"Navy",92,62,1.93337013634535,25.995167254839,0.358695652173913,0.580645161290323,0.0210148927863625,0.41927689120708,14,28.0714285714286,6,7,1.16666666666667,"8-21","3-5","5","2","2","4","0",63,10,"http://a.espncdn.com/i/teamlogos/ncaa/500/2426.png","#131630"
"37",401282175,"North Texas",72,60,30.0089542008983,8.80024655051358,0.472222222222222,0.333333333333333,0.416791030568032,0.146670775841893,12,32.4166666666667,10,44,4.4,"8-14","0-0","1","11","2","2","0",75,17,"http://a.espncdn.com/i/teamlogos/ncaa/500/249.png","#00853D"
"38",401282175,"Northwestern State",60,72,8.80024655051358,30.0089542008983,0.333333333333333,0.472222222222222,0.146670775841893,0.416791030568032,12,27.75,6,14,2.33333333333333,"10-16","1-2","0","3","1","5","4",80,14,NA,NA
"39",401282177,"South Alabama",67,71,25.7609406344617,15.7260445627178,0.507462686567164,0.394366197183099,0.384491651260622,0.221493585390391,11,22,5,20,4,"3-12","0-0","0","5","0","3","1",91,9,"http://a.espncdn.com/i/teamlogos/ncaa/500/6.png","#003E7E"
"40",401282177,"Southern Mississippi",71,67,15.7260445627178,25.7609406344617,0.394366197183099,0.507462686567164,0.221493585390391,0.384491651260622,10,28.4,7,21,3,"2-15","2-4","0","11","2","3","4",80,22,"http://a.espncdn.com/i/teamlogos/ncaa/500/2572.png","#FFAA3C"
"41",401282178,"Bethune-Cookman",16,17,7.43841796549083,10.9304564811606,0.5625,0.470588235294118,0.464901122843177,0.642968028303563,11,30.3636363636364,4,28,7,"2-8","0-0","1","5","1","2","2",74,11,NA,NA
"42",401282178,"UTEP",17,16,10.9304564811606,7.43841796549083,0.470588235294118,0.5625,0.642968028303563,0.464901122843177,12,33.0833333333333,8,24,3,"4-11","2-2","1","6","0","2","2",46,10,"http://a.espncdn.com/i/teamlogos/ncaa/500/2638.png","#002843"
"43",401282179,"Illinois",75,78,21.046659083632,25.0596900589176,0.44,0.474358974358974,0.280622121115094,0.321278077678431,13,31.9230769230769,7,30,4.28571428571429,"8-18","1-2","3","6","0","4","3",85,13,"http://a.espncdn.com/i/teamlogos/ncaa/500/356.png","#f77329"
"44",401282179,"UT San Antonio",78,75,25.0596900589176,21.046659083632,0.474358974358974,0.44,0.321278077678431,0.280622121115094,13,25.2307692307692,7,34,4.85714285714286,"9-17","0-0","2","6","0","5","1",81,12,"http://a.espncdn.com/i/teamlogos/ncaa/500/2636.png","#002A5C"
"45",401282180,"UT Martin",76,61,13.989145363888,35.6769664099532,0.381578947368421,0.557377049180328,0.18406770215642,0.584868301802511,12,22.5,4,21,5.25,"10-19","1-1","1","3","1","0","1",62,6,NA,NA
"46",401282180,"Western Kentucky",61,76,35.6769664099532,13.989145363888,0.557377049180328,0.381578947368421,0.584868301802511,0.18406770215642,13,33.9230769230769,9,59,6.55555555555556,"4-6","0-0","3","5","1","6","0",78,13,"http://a.espncdn.com/i/teamlogos/ncaa/500/98.png","#F32026"
"47",401282607,"NC State",66,64,29.4778684138032,-0.889600310559238,0.53030303030303,0.296875,0.446634369906109,-0.0139000048524881,13,28.1538461538462,8,45,5.625,"8-13","1-1","10","8","1","3","0",62,13,"http://a.espncdn.com/i/teamlogos/ncaa/500/152.png","#EF1216"
"48",401282607,"South Florida",64,66,-0.889600310559238,29.4778684138032,0.296875,0.53030303030303,-0.0139000048524881,0.446634369906109,12,18.6666666666667,3,0,0,"3-16","0-1","2","3","3","1","2",67,12,"http://a.espncdn.com/i/teamlogos/ncaa/500/58.png","#004A36"
"49",401282609,"Boston College",65,54,36.4212147332246,-14.3119409850561,0.6,0.333333333333333,0.560326380511148,-0.265035944167706,10,23.9,7,44,6.28571428571429,"5-9","0-0","4","6","0","3","0",54,9,"http://a.espncdn.com/i/teamlogos/ncaa/500/103.png","#88001a"
"50",401282609,"Colgate",54,65,-14.3119409850561,36.4212147332246,0.333333333333333,0.6,-0.265035944167706,0.560326380511148,11,22.5454545454545,1,0,0,"0-10","1-1","4","2","2","3","0",66,9,NA,NA
"51",401282612,"Pittsburgh",31,25,13.8800215186897,-3.3775574025257,0.516129032258065,0.16,0.447742629635152,-0.135102296101028,10,35.6,8,23,2.875,"8-13","1-2","9","6","0","4","3",33,13,"http://a.espncdn.com/i/teamlogos/ncaa/500/221.png","#003263"
"52",401282612,"UMass",25,31,-3.3775574025257,13.8800215186897,0.16,0.516129032258065,-0.135102296101028,0.447742629635152,10,20.6,NA,NA,NA,"3-13","0-0","1","3","0","4","1",68,8,"http://a.espncdn.com/i/teamlogos/ncaa/500/113.png","#880007"
"53",401282613,"Virginia",63,53,28.7963501966828,-0.0165418088106639,0.523809523809524,0.264150943396226,0.45708492375687,-0.000312109600201205,12,32.5833333333333,9,41,4.55555555555556,"6-13","0-2","5","8","0","0","0",55,8,"http://a.espncdn.com/i/teamlogos/ncaa/500/258.png","#00204e"
"54",401282613,"William & Mary",53,63,-0.0165418088106639,28.7963501966828,0.264150943396226,0.523809523809524,-0.000312109600201205,0.45708492375687,12,24.6666666666667,3,0,0,"3-14","1-1","0","6","0","1","1",66,8,NA,NA
"55",401282614,"Florida State",74,70,21.202041939642,16.3159362431554,0.351351351351351,0.385714285714286,0.286514080265433,0.233084803473648,15,29.6,7,38,5.42857142857143,"7-16","1-2","0","9","3","2","1",72,18,"http://a.espncdn.com/i/teamlogos/ncaa/500/52.png","#782F40"
"56",401282614,"Notre Dame",70,74,16.3159362431554,21.202041939642,0.385714285714286,0.351351351351351,0.233084803473648,0.286514080265433,15,31.7333333333333,7,41,5.85714285714286,"6-17","1-2","6","8","1","0","2",76,12,"http://a.espncdn.com/i/teamlogos/ncaa/500/87.png","#00122b"
"57",401282714,"Illinois",67,71,4.16839910186047,22.7800078957661,0.447761194029851,0.422535211267606,0.0622149119680668,0.320845181630508,12,32.5833333333333,6,23,3.83333333333333,"6-13","0-0","4","6","0","6","1",72,13,"http://a.espncdn.com/i/teamlogos/ncaa/500/356.png","#f77329"
"58",401282714,"Nebraska",71,67,22.7800078957661,4.16839910186047,0.422535211267606,0.447761194029851,0.320845181630508,0.0622149119680668,12,22.0833333333333,4,22,5.5,"5-14","1-2","0","10","0","1","2",68,13,"http://a.espncdn.com/i/teamlogos/ncaa/500/158.png","#F20017"
"59",401282723,"Indiana",64,60,-19.3472561655971,7.0472308270111,0.28125,0.433333333333333,-0.302300877587454,0.117453847116852,14,25.5,2,6,3,"6-18","1-1","1","6","3","3","0",66,15,"http://a.espncdn.com/i/teamlogos/ncaa/500/84.png","#7D110C"
"60",401282723,"Iowa",60,64,7.0472308270111,-19.3472561655971,0.433333333333333,0.28125,0.117453847116852,-0.302300877587454,12,32.4166666666667,3,17,5.66666666666667,"4-12","1-1","6","5","0","5","2",66,12,"http://a.espncdn.com/i/teamlogos/ncaa/500/2294.png","#000000"
"61",401282764,"Maryland",80,62,17.185497830782,1.53880727192845,0.45,0.403225806451613,0.214818722884775,0.0248194721278783,14,27.5,8,30,3.75,"8-20","1-2","3","5","0","6","1",63,12,"http://a.espncdn.com/i/teamlogos/ncaa/500/120.png","#D5002B"
"62",401282764,"West Virginia",62,80,1.53880727192845,17.185497830782,0.403225806451613,0.45,0.0248194721278783,0.214818722884775,13,38.7692307692308,6,24,4,"6-14","1-1","1","9","2","4","3",84,20,"http://a.espncdn.com/i/teamlogos/ncaa/500/277.png","#002855"
"63",401282772,"Michigan",58,69,37.964976944024,7.85389682143667,0.53448275862069,0.36231884057971,0.654568568000413,0.113824591615024,11,30.8181818181818,8,47,5.875,"8-13","1-1","6","3","0","6","1",70,10,"http://a.espncdn.com/i/teamlogos/ncaa/500/130.png","#00274c"
"64",401282772,"Western Michigan",69,58,7.85389682143667,37.964976944024,0.36231884057971,0.53448275862069,0.113824591615024,0.654568568000413,11,24.1818181818182,4,14,3.5,"8-17","0-0","0","2","0","2","1",62,5,"http://a.espncdn.com/i/teamlogos/ncaa/500/2711.png","#B59966"
"65",401282782,"Michigan State",62,81,29.6248958317198,12.4022334700733,0.467741935483871,0.395061728395062,0.47782090051161,0.153113993457695,12,29.8333333333333,7,38,5.42857142857143,"4-10","1-1","3","8","0","5","1",83,14,"http://a.espncdn.com/i/teamlogos/ncaa/500/127.png","#18453B"
"66",401282782,"Northwestern",81,62,12.4022334700733,29.6248958317198,0.395061728395062,0.467741935483871,0.153113993457695,0.47782090051161,12,26.8333333333333,6,21,3.5,"8-19","4-5","3","2","0","2","1",65,5,"http://a.espncdn.com/i/teamlogos/ncaa/500/77.png","#372286"
"67",401282789,"Minnesota",72,48,4.77057808622873,26.9536596975168,0.402777777777778,0.5,0.066258028975399,0.561534577031601,11,29.4545454545455,5,31,6.2,"8-14","1-1","2","1","0","0","2",49,3,"http://a.espncdn.com/i/teamlogos/ncaa/500/135.png","#7F011B"
"68",401282789,"Ohio State",48,72,26.9536596975168,4.77057808622873,0.5,0.402777777777778,0.561534577031601,0.066258028975399,10,24.6,7,31,4.42857142857143,"4-8","0-0","1","4","1","5","0",76,11,"http://a.espncdn.com/i/teamlogos/ncaa/500/194.png","#DE3121"
"69",401282815,"Penn State",50,89,6.87209396210857,2.61099682155269,0.32,0.438202247191011,0.137441879242171,0.0293370429387943,12,25.4166666666667,5,16,3.2,"3-13","0-1","2","6","0","4","0",97,10,"http://a.espncdn.com/i/teamlogos/ncaa/500/213.png","#00265D"
"70",401282815,"Wisconsin",89,50,2.61099682155269,6.87209396210857,0.438202247191011,0.32,0.0293370429387943,0.137441879242171,13,26.4615384615385,6,10,1.66666666666667,"7-22","2-3","2","7","2","0","2",53,13,"http://a.espncdn.com/i/teamlogos/ncaa/500/275.png","#A00001"
"71",401282819,"Oregon State",71,81,8.36461670840768,12.1811307451856,0.352112676056338,0.407407407407407,0.117811502935319,0.150384330187477,13,26.1538461538462,3,21,7,"5-14","1-4","1","9","1","2","2",78,15,"http://a.espncdn.com/i/teamlogos/ncaa/500/204.png","#c34500"
"72",401282819,"Purdue",81,71,12.1811307451856,8.36461670840768,0.407407407407407,0.352112676056338,0.150384330187477,0.117811502935319,13,33.2307692307692,8,30,3.75,"7-16","0-1","2","3","1","6","1",63,12,"http://a.espncdn.com/i/teamlogos/ncaa/500/2509.png","#B89D29"
"73",401282822,"Rutgers",79,62,22.7516086567808,-7.29579757336878,0.506329113924051,0.274193548387097,0.287995046288364,-0.117674154409174,15,46.6666666666667,9,45,5,"6-16","3-3","6","10","0","4","0",63,14,"http://a.espncdn.com/i/teamlogos/ncaa/500/164.png","#d21034"
"74",401282822,"Temple",62,79,-7.29579757336878,22.7516086567808,0.274193548387097,0.506329113924051,-0.117674154409174,0.287995046288364,15,22.4666666666667,3,14,4.66666666666667,"2-13","1-3","1","7","2","0","3",81,14,"http://a.espncdn.com/i/teamlogos/ncaa/500/218.png","#A80532"
"75",401286187,"Connecticut",61,77,-24.1903323511572,22.3908538871309,0.163934426229508,0.493506493506494,-0.396562825428806,0.290790310222479,14,26.0714285714286,1,0,0,"2-16","1-3","0","4","0","5","1",79,10,"http://a.espncdn.com/i/teamlogos/ncaa/500/41.png","#001d40"
"76",401286187,"Fresno State",77,61,22.3908538871309,-24.1903323511572,0.493506493506494,0.163934426229508,0.290790310222479,-0.396562825428806,14,31.2857142857143,8,24,3,"7-16","2-2","2","10","1","4","0",61,16,"http://a.espncdn.com/i/teamlogos/ncaa/500/278.png","#c41230"
"77",401286188,"Connecticut",45,49,0.991634144241323,14.718315120362,0.377777777777778,0.448979591836735,0.0220363143164738,0.300373777966571,16,34.5,5,28,5.6,"7-19","1-2","1","11","3","3","1",72,21,"http://a.espncdn.com/i/teamlogos/ncaa/500/41.png","#001d40"
"78",401286188,"Holy Cross",49,45,14.718315120362,0.991634144241323,0.448979591836735,0.377777777777778,0.300373777966571,0.0220363143164738,15,29.0666666666667,6,24,4,"6-16","2-2","12","5","0","5","2",80,12,NA,NA
"79",401286294,"Campbell",62,71,5.43286362512813,37.5470255748034,0.403225806451613,0.591549295774648,0.087626832663357,0.528831346123991,12,24.6666666666667,1,0,0,"4-14","0-1","2","2","0","5","1",71,8,NA,NA
"80",401286294,"Liberty",71,62,37.5470255748034,5.43286362512813,0.591549295774648,0.403225806451613,0.528831346123991,0.087626832663357,11,33.9090909090909,8,41,5.125,"2-7","1-1","4","7","0","4","1",61,12,"http://a.espncdn.com/i/teamlogos/ncaa/500/2335.png","#071740"
"81",401287886,"Houston",73,49,1.19691880979272,16.2520611085685,0.342465753424658,0.469387755102041,0.0163961480793524,0.331674716501398,14,24.5,3,21,7,"6-18","5-5","4","5","4","2","1",53,16,"http://a.espncdn.com/i/teamlogos/ncaa/500/248.png","#C90822"
"82",401287886,"Texas Tech",49,73,16.2520611085685,1.19691880979272,0.469387755102041,0.342465753424658,0.331674716501398,0.0163961480793524,12,34.5833333333333,6,17,2.83333333333333,"4-10","0-0","0","9","0","3","2",73,14,"http://a.espncdn.com/i/teamlogos/ncaa/500/2641.png","#C80025"
"83",401287887,"Iowa State",59,60,7.85922626788296,10.1657623805607,0.389830508474576,0.3,0.133207224879372,0.169429373009346,10,31,4,13,3.25,"5-14","0-0","8","5","0","2","2",61,9,"http://a.espncdn.com/i/teamlogos/ncaa/500/66.png","#660015"
"84",401287887,"Northern Iowa",60,59,10.1657623805607,7.85922626788296,0.3,0.389830508474576,0.169429373009346,0.133207224879372,10,21.3,3,10,3.33333333333333,"8-17","1-2","1","4","2","0","0",63,8,NA,NA
"85",401287888,"Kansas",67,62,-2.84403492198222,0.262519215107533,0.313432835820896,0.338709677419355,-0.042448282417645,0.00423418088883118,13,39.0769230769231,5,17,3.4,"5-17","1-3","2","4","0","5","0",64,9,"http://a.espncdn.com/i/teamlogos/ncaa/500/2305.png","#0022B4"
"86",401287888,"South Dakota",62,67,0.262519215107533,-2.84403492198222,0.338709677419355,0.313432835820896,0.00423418088883118,-0.042448282417645,13,25.7692307692308,5,14,2.8,"3-13","0-3","0","9","0","2","3",68,14,NA,NA
"87",401287889,"Kansas State",45,52,12.5372528043653,3.99155915272399,0.4,0.326923076923077,0.278605617874784,0.0767607529369999,10,33.5,2,7,3.5,"2-7","1-1","0","8","1","2","0",52,12,"http://a.espncdn.com/i/teamlogos/ncaa/500/2306.png","#633194"
"88",401287889,"Stanford",52,45,3.99155915272399,12.5372528043653,0.326923076923077,0.4,0.0767607529369999,0.278605617874784,9,23.4444444444444,2,7,3.5,"4-12","1-1","1","6","2","0","1",46,11,"http://a.espncdn.com/i/teamlogos/ncaa/500/24.png","#A80532"
"89",401287890,"Missouri State",82,67,0.278433682254069,8.58247214166163,0.402439024390244,0.388059701492537,0.00339553271041547,0.128096599129278,15,31.4,6,16,2.66666666666667,"6-18","0-2","4","6","0","3","0",69,9,NA,NA
"90",401287890,"Oklahoma State",67,82,8.58247214166163,0.278433682254069,0.388059701492537,0.402439024390244,0.128096599129278,0.00339553271041547,15,32.2,6,23,3.83333333333333,"7-16","0-1","11","9","1","3","2",87,16,"http://a.espncdn.com/i/teamlogos/ncaa/500/197.png","#FF6500"
"91",401287892,"Louisiana",65,68,13.8863084904994,27.324897415789,0.476923076923077,0.426470588235294,0.213635515238453,0.40183672670278,10,26.9,5,15,3,"4-13","3-3","3","5","0","1","1",70,7,"http://a.espncdn.com/i/teamlogos/ncaa/500/309.png","#ce2842"
"92",401287892,"Texas",68,65,27.324897415789,13.8863084904994,0.426470588235294,0.476923076923077,0.40183672670278,0.213635515238453,9,28.5555555555556,7,38,5.42857142857143,"10-15","1-1","1","7","0","1","0",71,8,"http://a.espncdn.com/i/teamlogos/ncaa/500/251.png","#EE7524"
"93",401287893,"Baylor",68,68,18.5095983514626,6.23485146149057,0.470588235294118,0.352941176470588,0.272199975756803,0.0916889920807437,11,32.2727272727273,7,20,2.85714285714286,"5-13","1-2","5","7","0","3","2",69,12,"http://a.espncdn.com/i/teamlogos/ncaa/500/239.png","#004834"
"94",401287893,"Texas State",68,68,6.23485146149057,18.5095983514626,0.352941176470588,0.470588235294118,0.0916889920807437,0.272199975756803,12,25.9166666666667,4,20,5,"4-14","1-1","2","5","3","0","1",72,12,"http://a.espncdn.com/i/teamlogos/ncaa/500/326.png","#4e1719"
"95",401287894,"Oklahoma",62,68,-6.80839935640048,13.8124018538236,0.403225806451613,0.367647058823529,-0.109812892845169,0.203123556673877,13,36,9,40,4.44444444444444,"3-12","2-3","3","9","2","2","1",78,16,"http://a.espncdn.com/i/teamlogos/ncaa/500/201.png","#7b0000"
"96",401287894,"Tulane",68,62,13.8124018538236,-6.80839935640048,0.367647058823529,0.403225806451613,0.203123556673877,-0.109812892845169,13,31.5384615384615,6,35,5.83333333333333,"4-14","4-6","0","6","0","3","4",80,13,"http://a.espncdn.com/i/teamlogos/ncaa/500/2655.png","#005837"
"97",401300993,"Appalachian State",63,65,22.3002151676493,12.684377924109,0.53968253968254,0.353846153846154,0.353971669327767,0.195144275755524,12,30.75,6,33,5.5,"4-11","0-0","5","5","1","4","0",67,11,"http://a.espncdn.com/i/teamlogos/ncaa/500/2026.png","#000000"
"98",401300993,"East Carolina",65,63,12.684377924109,22.3002151676493,0.353846153846154,0.53968253968254,0.195144275755524,0.353971669327767,11,21.2727272727273,5,19,3.8,"5-16","2-3","0","9","1","1","1",65,13,"http://a.espncdn.com/i/teamlogos/ncaa/500/151.png","#4b1869"
"99",401300995,"Boise State",65,85,8.26154461396431,19.0081319690115,0.353846153846154,0.470588235294118,0.127100686368682,0.223625081988371,14,30.0714285714286,5,24,4.8,"4-14","1-2","0","5","1","3","2",85,12,"http://a.espncdn.com/i/teamlogos/ncaa/500/68.png","#09347A"
"100",401300995,"UCF",85,65,19.0081319690115,8.26154461396431,0.470588235294118,0.353846153846154,0.223625081988371,0.127100686368682,14,23.2857142857143,7,34,4.85714285714286,"10-17","0-1","8","10","2","2","2",66,18,"http://a.espncdn.com/i/teamlogos/ncaa/500/2116.png","#000000"
"101",401300996,"Cincinnati",57,73,29.1745281796568,-10.0284532398543,0.614035087719298,0.232876712328767,0.511833827713277,-0.137376071778826,11,23.2727272727273,8,49,6.125,"3-6","1-1","6","5","2","5","1",72,15,"http://a.espncdn.com/i/teamlogos/ncaa/500/2132.png","#000000"
"102",401300996,"Miami (OH)",73,57,-10.0284532398543,29.1745281796568,0.232876712328767,0.614035087719298,-0.137376071778826,0.511833827713277,13,29.1538461538462,5,7,1.4,"3-15","1-5","0","5","0","0","1",57,6,"http://a.espncdn.com/i/teamlogos/ncaa/500/193.png","#a4000c"
"103",401300997,"Memphis",82,61,27.881509933746,10.3791662074964,0.5,0.442622950819672,0.340018413826171,0.170150265696662,11,31.6363636363636,11,42,3.81818181818182,"9-17","2-3","2","1","0","5","1",63,7,"http://a.espncdn.com/i/teamlogos/ncaa/500/235.png","#002447"
"104",401300997,"Nicholls",61,82,10.3791662074964,27.881509933746,0.442622950819672,0.5,0.170150265696662,0.340018413826171,11,24.8181818181818,3,17,5.66666666666667,"5-13","0-1","0","2","1","3","0",90,7,NA,NA
"105",401300998,"Abilene Christian",62,75,-0.260433707874135,58.1567734516693,0.32258064516129,0.613333333333333,-0.00420054367538928,0.775423646022258,13,22,4,9,2.25,"5-16","1-2","1","6","3","3","3",75,18,NA,NA
"106",401300998,"SMU",75,62,58.1567734516693,-0.260433707874135,0.613333333333333,0.32258064516129,0.775423646022258,-0.00420054367538928,13,40.8461538461538,10,56,5.6,"5-12","2-2","5","6","0","4","1",65,11,"http://a.espncdn.com/i/teamlogos/ncaa/500/2567.png","#E32F38"
"107",401309540,"Ball State",65,66,14.0822921578841,10.3437249792442,0.369230769230769,0.454545454545455,0.216650648582833,0.156723105746124,14,29.5714285714286,6,31,5.16666666666667,"5-15","2-2","1","4","0","5","2",67,11,"http://a.espncdn.com/i/teamlogos/ncaa/500/2050.png","#DA0000"
"108",401309540,"Western Illinois",66,65,10.3437249792442,14.0822921578841,0.454545454545455,0.369230769230769,0.156723105746124,0.216650648582833,13,22.0769230769231,6,21,3.5,"3-13","0-2","2","1","1","3","0",69,6,NA,NA
"109",401309543,"Norfolk State",20,11,-15.1775513500372,12.4797000626009,0.4,0.545454545454545,-0.758877567501862,1.13451818750917,11,28.8181818181818,4,7,1.75,"5-15","1-2","0","5","1","1","1",56,9,NA,NA
"110",401309543,"Toledo",11,20,12.4797000626009,-15.1775513500372,0.545454545454545,0.4,1.13451818750917,-0.758877567501862,9,33.4444444444444,6,28,4.66666666666667,"4-9","1-3","0","8","0","4","0",61,12,"http://a.espncdn.com/i/teamlogos/ncaa/500/2649.png","#00488F"
"111",401309598,"Arkansas State",76,62,21.045505244137,4.52079554611801,0.421052631578947,0.32258064516129,0.276914542686013,0.0729160571954517,15,31.0666666666667,9,33,3.66666666666667,"7-15","0-0","0","6","0","4","2",62,12,"http://a.espncdn.com/i/teamlogos/ncaa/500/2032.png","#e81018"
"112",401309598,"Central Arkansas",62,76,4.52079554611801,21.045505244137,0.32258064516129,0.421052631578947,0.0729160571954517,0.276914542686013,15,23.8,5,14,2.8,"1-12","0-0","0","7","2","2","0",80,13,NA,NA
"113",401309601,"Army",53,28,20.6658288968805,6.36823449287266,0.509433962264151,0.464285714285714,0.389921299941141,0.227436946174024,10,44.6,7,30,4.28571428571429,"10-16","3-3","0","6","0","2","2",49,10,"http://a.espncdn.com/i/teamlogos/ncaa/500/349.png","#ce9c00"
"114",401309601,"Georgia State",28,53,6.36823449287266,20.6658288968805,0.464285714285714,0.509433962264151,0.227436946174024,0.389921299941141,9,22.4444444444444,2,10,5,"4-10","0-1","0","4","1","0","1",72,7,"http://a.espncdn.com/i/teamlogos/ncaa/500/2247.png","#1e539a"
"115",401309602,"Southern",49,68,-8.74174707072856,24.9808237042951,0.326530612244898,0.514705882352941,-0.17840300144344,0.367365054474927,11,21.2727272727273,1,3,3,"3-11","0-0","1","6","4","4","0",70,18,NA,NA
"116",401309602,"Troy",68,49,24.9808237042951,-8.74174707072856,0.514705882352941,0.326530612244898,0.367365054474927,-0.17840300144344,10,40.4,9,48,5.33333333333333,"8-12","3-3","0","4","1","1","1",50,8,"http://a.espncdn.com/i/teamlogos/ncaa/500/2653.png","#AE0210"
"117",401309833,"Hawai'i",74,65,-3.57749024555411,14.6613083417323,0.337837837837838,0.415384615384615,-0.0483444627777583,0.225558589872804,14,22.6428571428571,5,10,2,"4-15","0-4","1","3","2","3","2",66,12,"http://a.espncdn.com/i/teamlogos/ncaa/500/62.png","#003420"
"118",401309833,"UCLA",65,74,14.6613083417323,-3.57749024555411,0.415384615384615,0.337837837837838,0.225558589872804,-0.0483444627777583,13,40,7,37,5.28571428571429,"4-12","1-2","2","7","0","8","0",75,15,"http://a.espncdn.com/i/teamlogos/ncaa/500/26.png","#005C8E"
"119",401309834,"Utah",60,63,16.6979275742681,7.51521675194857,0.483333333333333,0.333333333333333,0.278298792904469,0.119289154792834,13,38.4615384615385,8,40,5,"2-8","0-2","0","7","1","3","2",65,14,"http://a.espncdn.com/i/teamlogos/ncaa/500/254.png","#890012"
"120",401309834,"Weber State",63,60,7.51521675194857,16.6979275742681,0.333333333333333,0.483333333333333,0.119289154792834,0.278298792904469,11,25,4,10,2.5,"6-16","1-2","0","4","1","2","1",62,9,NA,NA
"121",401309835,"Arizona State",55,55,34.0180474926406,-4.54330804277553,0.636363636363636,0.290909090909091,0.618509954411648,-0.0826056007777369,11,41.5454545454545,7,33,4.71428571428571,"5-11","1-1","3","6","0","2","3",57,11,"http://a.espncdn.com/i/teamlogos/ncaa/500/9.png","#942139"
"122",401309835,"Southern Utah",55,55,-4.54330804277553,34.0180474926406,0.290909090909091,0.636363636363636,-0.0826056007777369,0.618509954411648,11,29.7272727272727,5,14,2.8,"4-11","0-0","0","6","3","1","1",58,14,NA,NA
"123",401309836,"Colorado",62,56,23.6962985835444,-1.86710344455438,0.564516129032258,0.267857142857143,0.382198364250716,-0.0333411329384711,11,33.2727272727273,6,35,5.83333333333333,"6-10","0-0","6","6","0","2","0",60,8,"http://a.espncdn.com/i/teamlogos/ncaa/500/38.png","#d1c57e"
"124",401309836,"Northern Colorado",56,62,-1.86710344455438,23.6962985835444,0.267857142857143,0.564516129032258,-0.0333411329384711,0.382198364250716,10,25.5,3,7,2.33333333333333,"3-14","0-2","2","3","1","0","1",65,6,NA,NA
"125",401309837,"California",66,64,14.2262212943983,11.976468283348,0.46969696969697,0.390625,0.215548807490883,0.187132316927312,11,23.2727272727273,4,17,4.25,"6-14","0-1","0","6","1","4","0",69,12,"http://a.espncdn.com/i/teamlogos/ncaa/500/25.png","#031522"
"126",401309837,"Nevada",64,66,11.976468283348,14.2262212943983,0.390625,0.46969696969697,0.187132316927312,0.215548807490883,12,34.4166666666667,8,22,2.75,"6-16","1-1","1","4","1","4","0",67,10,"http://a.espncdn.com/i/teamlogos/ncaa/500/2440.png","#153E5F"
"127",401309838,"Fresno State",71,73,15.7665514172852,8.36672802941291,0.450704225352113,0.465753424657534,0.222064104468805,0.114612712731684,13,23.4615384615385,5,24,4.8,"7-15","0-1","0","8","0","3","5",74,16,"http://a.espncdn.com/i/teamlogos/ncaa/500/278.png","#c41230"
"128",401309838,"Oregon",73,71,8.36672802941291,15.7665514172852,0.465753424657534,0.450704225352113,0.114612712731684,0.222064104468805,14,39.4285714285714,8,31,3.875,"7-16","2-3","0","8","0","0","2",76,10,"http://a.espncdn.com/i/teamlogos/ncaa/500/2483.png","#044520"
"129",401309839,"Montana",55,75,1.41166837317296,-2.71005795965707,0.254545454545455,0.4,0.0256666976940539,-0.036134106128761,13,31.6153846153846,4,13,3.25,"2-13","0-1","0","8","0","2","0",74,10,NA,NA
"130",401309839,"Washington",75,55,-2.71005795965707,1.41166837317296,0.4,0.254545454545455,-0.036134106128761,0.0256666976940539,13,27.2307692307692,4,7,1.75,"4-14","1-3","0","5","3","5","0",60,16,"http://a.espncdn.com/i/teamlogos/ncaa/500/264.png","#2B2F64"
"131",401309840,"Utah State",70,55,19.8420815889271,12.0488772564838,0.442857142857143,0.454545454545455,0.283458308413244,0.219070495572433,11,23.1818181818182,6,24,4,"6-15","2-2","3","8","1","3","1",64,14,"http://a.espncdn.com/i/teamlogos/ncaa/500/328.png","#003263"
"132",401309840,"Washington State",55,70,12.0488772564838,19.8420815889271,0.454545454545455,0.442857142857143,0.219070495572433,0.283458308413244,11,31.3636363636364,6,32,5.33333333333333,"3-11","0-0","2","3.5","0","4","1",84,8,"http://a.espncdn.com/i/teamlogos/ncaa/500/265.png","#94022a"
"133",401309841,"Arizona",84,62,8.92219680856424,15.4533346575595,0.511904761904762,0.419354838709677,0.106216628673384,0.249247333186443,11,25.0909090909091,7,14,2,"5-17","3-3","0","8","1","4","1",63,15,"http://a.espncdn.com/i/teamlogos/ncaa/500/12.png","#CC0033"
"134",401309841,"BYU",62,84,15.4533346575595,8.92219680856424,0.419354838709677,0.511904761904762,0.249247333186443,0.106216628673384,12,22.6666666666667,4,24,6,"4-12","1-1","0","6","0","3","2",88,11,"http://a.espncdn.com/i/teamlogos/ncaa/500/252.png","#001E4C"
"135",401309937,"North Carolina",62,61,5.36459337326004,7.77080133823977,0.387096774193548,0.524590163934426,0.0865256995687104,0.127390185872783,11,23.8181818181818,6,10,1.66666666666667,"2-10","2-3","3","4","3","1","2",64,13,"http://a.espncdn.com/i/teamlogos/ncaa/500/153.png","#99bfe5"
"136",401309937,"Virginia Tech",61,62,7.77080133823977,5.36459337326004,0.524590163934426,0.387096774193548,0.127390185872783,0.0865256995687104,11,32.3636363636364,5,17,3.4,"6-13","0-0","4","9","1","5","3",64,19,"http://a.espncdn.com/i/teamlogos/ncaa/500/259.png","#630031"
"137",401310697,"Montana State",56,72,-5.94555989818741,15.7218180374844,0.375,0.388888888888889,-0.106170712467632,0.218358583853951,13,65,13,9,0.692307692307692,"4-12","0-1","0","5","0","2","1",81,8,NA,NA
"138",401310697,"Wyoming",72,56,15.7218180374844,-5.94555989818741,0.388888888888889,0.375,0.218358583853951,-0.106170712467632,12,35,NA,NA,NA,"6-17","1-2","0","4","1","3","0",69,9,"http://a.espncdn.com/i/teamlogos/ncaa/500/2751.png","#533B22"
"139",401310699,"New Mexico State",85,62,-3.94668304116148,3.07193395627803,0.388235294117647,0.387096774193548,-0.046431565190135,0.0495473218754522,16,18,3,10,3.33333333333333,"7-20","0-0","0","5","3","3","4",82,18,"http://a.espncdn.com/i/teamlogos/ncaa/500/166.png","#891216"
"140",401310699,"San Diego State",62,85,3.07193395627803,-3.94668304116148,0.387096774193548,0.388235294117647,0.0495473218754522,-0.046431565190135,15,31.6,4,14,3.5,"5-14","0-0","2","10","1","7","2",105,21,"http://a.espncdn.com/i/teamlogos/ncaa/500/21.png","#BF2C37"
"141",401327913,"Fordham",58,94,10.0357403993221,31.8386113865796,0.362068965517241,0.542553191489362,0.173030006884865,0.338708631772123,13,34.2307692307692,NA,NA,NA,"2-13","1-4","0","3","3","1","0",106,10,NA,NA
"142",401327913,"Nebraska",94,58,31.8386113865796,10.0357403993221,0.542553191489362,0.362068965517241,0.338708631772123,0.173030006884865,11,65,11,49,4.45454545454545,"12-19","4-4","1","5","0","0","4",67,9,"http://a.espncdn.com/i/teamlogos/ncaa/500/158.png","#F20017"
"143",401331164,"Middle Tennessee",85,71,9.15085363267128,18.8508626257201,0.341176470588235,0.338028169014085,0.107657101560839,0.265505107404509,NA,NA,NA,NA,NA,NA,NA,NA,NA,NA,NA,NA,NA,NA,"http://a.espncdn.com/i/teamlogos/ncaa/500/2393.png","#0079C2"
"144",401331164,"Toledo",71,85,18.8508626257201,9.15085363267128,0.338028169014085,0.341176470588235,0.265505107404509,0.107657101560839,NA,NA,NA,NA,NA,NA,NA,NA,NA,NA,NA,NA,NA,NA,"http://a.espncdn.com/i/teamlogos/ncaa/500/2649.png","#00488F"
"145",401331165,"Coastal Carolina",55,87,34.3088815234498,27.2780222227954,0.527272727272727,0.517241379310345,0.623797845880906,0.313540485319487,NA,NA,NA,NA,NA,NA,NA,NA,NA,NA,NA,NA,NA,NA,"http://a.espncdn.com/i/teamlogos/ncaa/500/324.png","#007073"
"146",401331165,"Northern Illinois",87,55,27.2780222227954,34.3088815234498,0.517241379310345,0.527272727272727,0.313540485319487,0.623797845880906,NA,NA,NA,NA,NA,NA,NA,NA,NA,NA,NA,NA,NA,NA,"http://a.espncdn.com/i/teamlogos/ncaa/500/2459.png","#F1122C"
"147",401331166,"Appalachian State",77,74,21.576412953593,41.099848560222,0.454545454545455,0.486486486486487,0.280213155241468,0.555403358921919,NA,NA,NA,NA,NA,NA,NA,NA,NA,NA,NA,NA,NA,NA,"http://a.espncdn.com/i/teamlogos/ncaa/500/2026.png","#000000"
"148",401331166,"Western Kentucky",74,77,41.099848560222,21.576412953593,0.486486486486487,0.454545454545455,0.555403358921919,0.280213155241468,NA,NA,NA,NA,NA,NA,NA,NA,NA,NA,NA,NA,NA,NA,"http://a.espncdn.com/i/teamlogos/ncaa/500/98.png","#F32026"
"149",401331167,"Fresno State",76,54,21.5090010418832,12.3316048629018,0.5,0.407407407407407,0.283013171603727,0.2283630530167,NA,NA,NA,NA,NA,NA,NA,NA,NA,NA,NA,NA,NA,NA,"http://a.espncdn.com/i/teamlogos/ncaa/500/278.png","#c41230"
"150",401331167,"UTEP",54,76,12.3316048629018,21.5090010418832,0.407407407407407,0.5,0.2283630530167,0.283013171603727,NA,NA,NA,NA,NA,NA,NA,NA,NA,NA,NA,NA,NA,NA,"http://a.espncdn.com/i/teamlogos/ncaa/500/2638.png","#002843"
"151",401331168,"BYU",57,66,19.5720614631951,21.4593022011111,0.473684210526316,0.5,0.343369499354299,0.325140942441077,NA,NA,NA,NA,NA,NA,NA,NA,NA,NA,NA,NA,NA,NA,"http://a.espncdn.com/i/teamlogos/ncaa/500/252.png","#001E4C"
"152",401331168,"UAB",66,57,21.4593022011111,19.5720614631951,0.5,0.473684210526316,0.325140942441077,0.343369499354299,NA,NA,NA,NA,NA,NA,NA,NA,NA,NA,NA,NA,NA,NA,"http://a.espncdn.com/i/teamlogos/ncaa/500/5.png","#003b28"
"153",401331169,"Eastern Michigan",83,61,-3.82951559924758,23.1092404869332,0.409638554216867,0.491803278688525,-0.0461387421596093,0.378840007982512,NA,NA,NA,NA,NA,NA,NA,NA,NA,NA,NA,NA,NA,NA,"http://a.espncdn.com/i/teamlogos/ncaa/500/2199.png","#00331b"
"154",401331169,"Liberty",61,83,23.1092404869332,-3.82951559924758,0.491803278688525,0.409638554216867,0.378840007982512,-0.0461387421596093,NA,NA,NA,NA,NA,NA,NA,NA,NA,NA,NA,NA,NA,NA,"http://a.espncdn.com/i/teamlogos/ncaa/500/2335.png","#071740"
"155",401331170,"Oregon State",65,74,11.3100899551524,7.4701274808101,0.492307692307692,0.418918918918919,0.174001383925422,0.100947668659596,NA,NA,NA,NA,NA,NA,NA,NA,NA,NA,NA,NA,NA,NA,"http://a.espncdn.com/i/teamlogos/ncaa/500/204.png","#c34500"
"156",401331170,"Utah State",74,65,7.4701274808101,11.3100899551524,0.418918918918919,0.492307692307692,0.100947668659596,0.174001383925422,NA,NA,NA,NA,NA,NA,NA,NA,NA,NA,NA,NA,NA,NA,"http://a.espncdn.com/i/teamlogos/ncaa/500/328.png","#003263"
"157",401331171,"Louisiana",83,56,13.6027118594272,5.53464087216231,0.409638554216867,0.375,0.163888094691894,0.0988328727171841,NA,NA,NA,NA,NA,NA,NA,NA,NA,NA,NA,NA,NA,NA,"http://a.espncdn.com/i/teamlogos/ncaa/500/309.png","#ce2842"
"158",401331171,"Marshall",56,83,5.53464087216231,13.6027118594272,0.375,0.409638554216867,0.0988328727171841,0.163888094691894,NA,NA,NA,NA,NA,NA,NA,NA,NA,NA,NA,NA,NA,NA,"http://a.espncdn.com/i/teamlogos/ncaa/500/276.png","#186329"
"159",401331172,"Old Dominion",47,99,6.84652245108169,26.5059431711696,0.340425531914894,0.505050505050505,0.145670690448546,0.267736799708784,NA,NA,NA,NA,NA,NA,NA,NA,NA,NA,NA,NA,NA,NA,"http://a.espncdn.com/i/teamlogos/ncaa/500/295.png","#00507d"
"160",401331172,"Tulsa",99,47,26.5059431711696,6.84652245108169,0.505050505050505,0.340425531914894,0.267736799708784,0.145670690448546,NA,NA,NA,NA,NA,NA,NA,NA,NA,NA,NA,NA,NA,NA,"http://a.espncdn.com/i/teamlogos/ncaa/500/202.png","#004371"
"161",401331213,"Kent State",78,64,28.9030015097396,31.3925784927668,0.435897435897436,0.5625,0.370551301406918,0.490509038949481,NA,NA,NA,NA,NA,NA,NA,NA,NA,NA,NA,NA,NA,NA,"http://a.espncdn.com/i/teamlogos/ncaa/500/2309.png","#002445"
"162",401331213,"Wyoming",64,78,31.3925784927668,28.9030015097396,0.5625,0.435897435897436,0.490509038949481,0.370551301406918,NA,NA,NA,NA,NA,NA,NA,NA,NA,NA,NA,NA,NA,NA,"http://a.espncdn.com/i/teamlogos/ncaa/500/2751.png","#533B22"
"163",401331214,"San Diego State",76,62,27.5459057057122,10.0384224858202,0.513157894736842,0.419354838709677,0.362446127706739,0.161910040093873,NA,NA,NA,NA,NA,NA,NA,NA,NA,NA,NA,NA,NA,NA,"http://a.espncdn.com/i/teamlogos/ncaa/500/21.png","#BF2C37"
"164",401331214,"UT San Antonio",62,76,10.0384224858202,27.5459057057122,0.419354838709677,0.513157894736842,0.161910040093873,0.362446127706739,NA,NA,NA,NA,NA,NA,NA,NA,NA,NA,NA,NA,NA,NA,"http://a.espncdn.com/i/teamlogos/ncaa/500/2636.png","#002A5C"
"165",401331215,"Army",64,70,13.6324613012993,24.4017381239271,0.421875,0.585714285714286,0.213007207832802,0.348596258913244,NA,NA,NA,NA,NA,NA,NA,NA,NA,NA,NA,NA,NA,NA,"http://a.espncdn.com/i/teamlogos/ncaa/500/349.png","#ce9c00"
"166",401331215,"Missouri",70,64,24.4017381239271,13.6324613012993,0.585714285714286,0.421875,0.348596258913244,0.213007207832802,NA,NA,NA,NA,NA,NA,NA,NA,NA,NA,NA,NA,NA,NA,"http://a.espncdn.com/i/teamlogos/ncaa/500/142.png","#000000"
"167",401331216,"Florida",67,75,8.04820667371745,13.4772696457136,0.358208955223881,0.36,0.120122487667425,0.179696928609514,NA,NA,NA,NA,NA,NA,NA,NA,NA,NA,NA,NA,NA,NA,"http://a.espncdn.com/i/teamlogos/ncaa/500/57.png","#0021A5"
"168",401331216,"UCF",75,67,13.4772696457136,8.04820667371745,0.36,0.358208955223881,0.179696928609514,0.120122487667425,NA,NA,NA,NA,NA,NA,NA,NA,NA,NA,NA,NA,NA,NA,"http://a.espncdn.com/i/teamlogos/ncaa/500/2116.png","#000000"
"169",401331218,"Ball State",81,62,-0.781744225470248,29.247691681869,0.358024691358025,0.564516129032258,-0.00965116327741047,0.471736962610791,NA,NA,NA,NA,NA,NA,NA,NA,NA,NA,NA,NA,NA,NA,"http://a.espncdn.com/i/teamlogos/ncaa/500/2050.png","#DA0000"
"170",401331218,"Georgia State",62,81,29.247691681869,-0.781744225470248,0.564516129032258,0.358024691358025,0.471736962610791,-0.00965116327741047,NA,NA,NA,NA,NA,NA,NA,NA,NA,NA,NA,NA,NA,NA,"http://a.espncdn.com/i/teamlogos/ncaa/500/2247.png","#1e539a"
"171",401331219,"Nevada",54,66,6.62125508474724,29.7178176823249,0.37037037037037,0.606060606060606,0.122615834902727,0.45026996488371,NA,NA,NA,NA,NA,NA,NA,NA,NA,NA,NA,NA,NA,NA,"http://a.espncdn.com/i/teamlogos/ncaa/500/2440.png","#153E5F"
"172",401331219,"Western Michigan",66,54,29.7178176823249,6.62125508474724,0.606060606060606,0.37037037037037,0.45026996488371,0.122615834902727,NA,NA,NA,NA,NA,NA,NA,NA,NA,NA,NA,NA,NA,NA,"http://a.espncdn.com/i/teamlogos/ncaa/500/2711.png","#B59966"
"173",401331221,"Auburn",66,67,1.90199414532799,8.63821831176761,0.393939393939394,0.373134328358209,0.0288180931110301,0.12892863151892,NA,NA,NA,NA,NA,NA,NA,NA,NA,NA,NA,NA,NA,NA,"http://a.espncdn.com/i/teamlogos/ncaa/500/2.png","#03244d"
"174",401331221,"Houston",67,66,8.63821831176761,1.90199414532799,0.373134328358209,0.393939393939394,0.12892863151892,0.0288180931110301,NA,NA,NA,NA,NA,NA,NA,NA,NA,NA,NA,NA,NA,NA,"http://a.espncdn.com/i/teamlogos/ncaa/500/248.png","#C90822"
"175",401331222,"Air Force",65,59,24.8951456721886,17.5237009720868,0.461538461538462,0.508474576271186,0.383002241110593,0.297011880882826,NA,NA,NA,NA,NA,NA,NA,NA,NA,NA,NA,NA,NA,NA,"http://a.espncdn.com/i/teamlogos/ncaa/500/2005.png","#004a7b"
"176",401331222,"Louisville",59,65,17.5237009720868,24.8951456721886,0.508474576271186,0.461538461538462,0.297011880882826,0.383002241110593,NA,NA,NA,NA,NA,NA,NA,NA,NA,NA,NA,NA,NA,NA,"http://a.espncdn.com/i/teamlogos/ncaa/500/97.png","#ad000a"
"177",401331223,"Mississippi State",72,72,3.91795276867169,22.3583333682485,0.444444444444444,0.444444444444444,0.0544160106759956,0.310532407892341,NA,NA,NA,NA,NA,NA,NA,NA,NA,NA,NA,NA,NA,NA,"http://a.espncdn.com/i/teamlogos/ncaa/500/344.png","#762123"
"178",401331223,"Texas Tech",72,72,22.3583333682485,3.91795276867169,0.444444444444444,0.444444444444444,0.310532407892341,0.0544160106759956,NA,NA,NA,NA,NA,NA,NA,NA,NA,NA,NA,NA,NA,NA,"http://a.espncdn.com/i/teamlogos/ncaa/500/2641.png","#C80025"
"179",401331224,"Minnesota",63,58,5.37258094376815,-0.328859554714906,0.380952380952381,0.413793103448276,0.0852790625994945,-0.00566999232267079,NA,NA,NA,NA,NA,NA,NA,NA,NA,NA,NA,NA,NA,NA,"http://a.espncdn.com/i/teamlogos/ncaa/500/135.png","#7F011B"
"180",401331224,"West Virginia",58,63,-0.328859554714906,5.37258094376815,0.413793103448276,0.380952380952381,-0.00566999232267079,0.0852790625994945,NA,NA,NA,NA,NA,NA,NA,NA,NA,NA,NA,NA,NA,NA,"http://a.espncdn.com/i/teamlogos/ncaa/500/277.png","#002855"
"181",401331226,"Maryland",53,67,32.1555733519151,1.28453997371678,0.622641509433962,0.343283582089552,0.606708931168209,0.0191722384136832,NA,NA,NA,NA,NA,NA,NA,NA,NA,NA,NA,NA,NA,NA,"http://a.espncdn.com/i/teamlogos/ncaa/500/120.png","#D5002B"
"182",401331226,"Virginia Tech",67,53,1.28453997371678,32.1555733519151,0.343283582089552,0.622641509433962,0.0191722384136832,0.606708931168209,NA,NA,NA,NA,NA,NA,NA,NA,NA,NA,NA,NA,NA,NA,"http://a.espncdn.com/i/teamlogos/ncaa/500/259.png","#630031"
"183",401331227,"Clemson",73,60,5.7397720538594,-2.16927782216632,0.36986301369863,0.366666666666667,0.0786270144364302,-0.0361546303694387,NA,NA,NA,NA,NA,NA,NA,NA,NA,NA,NA,NA,NA,NA,"http://a.espncdn.com/i/teamlogos/ncaa/500/228.png","#522D80"
"184",401331227,"Iowa State",60,73,-2.16927782216632,5.7397720538594,0.366666666666667,0.36986301369863,-0.0361546303694387,0.0786270144364302,NA,NA,NA,NA,NA,NA,NA,NA,NA,NA,NA,NA,NA,NA,"http://a.espncdn.com/i/teamlogos/ncaa/500/66.png","#660015"
"185",401331228,"Oklahoma",70,72,33.1628382843615,27.132314456534,0.528571428571429,0.430555555555556,0.473754832633735,0.376837700785195,NA,NA,NA,NA,NA,NA,NA,NA,NA,NA,NA,NA,NA,NA,"http://a.espncdn.com/i/teamlogos/ncaa/500/201.png","#7b0000"
"186",401331228,"Oregon",72,70,27.132314456534,33.1628382843615,0.430555555555556,0.528571428571429,0.376837700785195,0.473754832633735,NA,NA,NA,NA,NA,NA,NA,NA,NA,NA,NA,NA,NA,NA,"http://a.espncdn.com/i/teamlogos/ncaa/500/2483.png","#044520"
"187",401331229,"North Carolina",50,66,10.4944990615966,32.6926750959003,0.34,0.53030303030303,0.209889981231931,0.495343562059096,NA,NA,NA,NA,NA,NA,NA,NA,NA,NA,NA,NA,NA,NA,"http://a.espncdn.com/i/teamlogos/ncaa/500/153.png","#99bfe5"
"188",401331229,"South Carolina",66,50,32.6926750959003,10.4944990615966,0.53030303030303,0.34,0.495343562059096,0.209889981231931,NA,NA,NA,NA,NA,NA,NA,NA,NA,NA,NA,NA,NA,NA,"http://a.espncdn.com/i/teamlogos/ncaa/500/2579.png","#670010"
"189",401331230,"Purdue",81,104,15.1624805876107,28.6713792631357,0.45679012345679,0.480769230769231,0.187191118365564,0.275686339068612,NA,NA,NA,NA,NA,NA,NA,NA,NA,NA,NA,NA,NA,NA,"http://a.espncdn.com/i/teamlogos/ncaa/500/2509.png","#B89D29"
"190",401331230,"Tennessee",104,81,28.6713792631357,15.1624805876107,0.480769230769231,0.45679012345679,0.275686339068612,0.187191118365564,NA,NA,NA,NA,NA,NA,NA,NA,NA,NA,NA,NA,NA,NA,"http://a.espncdn.com/i/teamlogos/ncaa/500/2633.png","#EE9627"
"191",401331231,"Michigan State",85,55,10.1375469653322,0.190522854667465,0.388235294117647,0.418181818181818,0.119265258415673,0.00346405190304481,NA,NA,NA,NA,NA,NA,NA,NA,NA,NA,NA,NA,NA,NA,"http://a.espncdn.com/i/teamlogos/ncaa/500/127.png","#18453B"
"192",401331231,"Pittsburgh",55,85,0.190522854667465,10.1375469653322,0.418181818181818,0.388235294117647,0.00346405190304481,0.119265258415673,NA,NA,NA,NA,NA,NA,NA,NA,NA,NA,NA,NA,NA,NA,"http://a.espncdn.com/i/teamlogos/ncaa/500/221.png","#003263"
"193",401331232,"Arizona State",54,58,2.83693451221482,8.32098446924232,0.37037037037037,0.431034482758621,0.0525358243002744,0.143465249469695,NA,NA,NA,NA,NA,NA,NA,NA,NA,NA,NA,NA,NA,NA,"http://a.espncdn.com/i/teamlogos/ncaa/500/9.png","#942139"
"194",401331232,"Wisconsin",58,54,8.32098446924232,2.83693451221482,0.431034482758621,0.37037037037037,0.143465249469695,0.0525358243002744,NA,NA,NA,NA,NA,NA,NA,NA,NA,NA,NA,NA,NA,NA,"http://a.espncdn.com/i/teamlogos/ncaa/500/275.png","#A00001"
"195",401331233,"Rutgers",62,76,-4.80819187798755,23.9007047195841,0.354838709677419,0.421052631578947,-0.0775514819030251,0.314482956836633,NA,NA,NA,NA,NA,NA,NA,NA,NA,NA,NA,NA,NA,NA,"http://a.espncdn.com/i/teamlogos/ncaa/500/164.png","#d21034"
"196",401331233,"Wake Forest",76,62,23.9007047195841,-4.80819187798755,0.421052631578947,0.354838709677419,0.314482956836633,-0.0775514819030251,NA,NA,NA,NA,NA,NA,NA,NA,NA,NA,NA,NA,NA,NA,"http://a.espncdn.com/i/teamlogos/ncaa/500/154.png","#9E7E38"
"197",401331234,"Georgia",66,62,28.4196421559589,-0.249981310009011,0.5,0.32258064516129,0.430600638726649,-0.00403195661304856,NA,NA,NA,NA,NA,NA,NA,NA,NA,NA,NA,NA,NA,NA,"http://a.espncdn.com/i/teamlogos/ncaa/500/61.png","#CC0000"
"198",401331234,"Michigan",62,66,-0.249981310009011,28.4196421559589,0.32258064516129,0.5,-0.00403195661304856,0.430600638726649,NA,NA,NA,NA,NA,NA,NA,NA,NA,NA,NA,NA,NA,NA,"http://a.espncdn.com/i/teamlogos/ncaa/500/130.png","#00274c"
"199",401331235,"Alabama",75,58,24.298646030105,-5.66590785036156,0.546666666666667,0.431034482758621,0.323981947068066,-0.0976880663855442,NA,NA,NA,NA,NA,NA,NA,NA,NA,NA,NA,NA,NA,NA,"http://a.espncdn.com/i/teamlogos/ncaa/500/333.png","#690014"
"200",401331235,"Cincinnati",58,75,-5.66590785036156,24.298646030105,0.431034482758621,0.546666666666667,-0.0976880663855442,0.323981947068066,NA,NA,NA,NA,NA,NA,NA,NA,NA,NA,NA,NA,NA,NA,"http://a.espncdn.com/i/teamlogos/ncaa/500/2132.png","#000000"
"201",401331236,"Arkansas",77,63,11.4240927673307,0.022278066999864,0.454545454545455,0.349206349206349,0.148364841134166,0.000353620111108952,NA,NA,NA,NA,NA,NA,NA,NA,NA,NA,NA,NA,NA,NA,"http://a.espncdn.com/i/teamlogos/ncaa/500/8.png","#9c1831"
"202",401331236,"Penn State",63,77,0.022278066999864,11.4240927673307,0.349206349206349,0.454545454545455,0.000353620111108952,0.148364841134166,NA,NA,NA,NA,NA,NA,NA,NA,NA,NA,NA,NA,NA,NA,"http://a.espncdn.com/i/teamlogos/ncaa/500/213.png","#00265D"
"203",401331237,"Iowa",60,75,4.78985454700145,8.51659605848898,0.483333333333333,0.48,0.0798309091166908,0.113554614113186,NA,NA,NA,NA,NA,NA,NA,NA,NA,NA,NA,NA,NA,NA,"http://a.espncdn.com/i/teamlogos/ncaa/500/2294.png","#000000"
"204",401331237,"Kentucky",75,60,8.51659605848898,4.78985454700145,0.48,0.483333333333333,0.113554614113186,0.0798309091166908,NA,NA,NA,NA,NA,NA,NA,NA,NA,NA,NA,NA,NA,NA,"http://a.espncdn.com/i/teamlogos/ncaa/500/96.png","#005DAA"
"205",401331238,"Notre Dame",88,93,28.6856516751149,21.8684389079675,0.409090909090909,0.473118279569892,0.325973314489942,0.235144504386748,NA,NA,NA,NA,NA,NA,NA,NA,NA,NA,NA,NA,NA,NA,"http://a.espncdn.com/i/teamlogos/ncaa/500/87.png","#00122b"
"206",401331238,"Oklahoma State",93,88,21.8684389079675,28.6856516751149,0.473118279569892,0.409090909090909,0.235144504386748,0.325973314489942,NA,NA,NA,NA,NA,NA,NA,NA,NA,NA,NA,NA,NA,NA,"http://a.espncdn.com/i/teamlogos/ncaa/500/197.png","#FF6500"
"207",401331239,"Ohio State",66,67,38.4252012407368,22.6782075238127,0.606060606060606,0.492537313432836,0.582200018799042,0.338480709310637,NA,NA,NA,NA,NA,NA,NA,NA,NA,NA,NA,NA,NA,NA,"http://a.espncdn.com/i/teamlogos/ncaa/500/194.png","#DE3121"
"208",401331239,"Utah",67,66,22.6782075238127,38.4252012407368,0.492537313432836,0.606060606060606,0.338480709310637,0.582200018799042,NA,NA,NA,NA,NA,NA,NA,NA,NA,NA,NA,NA,NA,NA,"http://a.espncdn.com/i/teamlogos/ncaa/500/254.png","#890012"
"209",401331240,"Baylor",58,88,3.27821076307926,-11.2762076968259,0.379310344827586,0.284090909090909,0.0565208752255045,-0.128138723827567,NA,NA,NA,NA,NA,NA,NA,NA,NA,NA,NA,NA,NA,NA,"http://a.espncdn.com/i/teamlogos/ncaa/500/239.png","#004834"
"210",401331240,"Ole Miss",88,58,-11.2762076968259,3.27821076307926,0.284090909090909,0.379310344827586,-0.128138723827567,0.0565208752255045,NA,NA,NA,NA,NA,NA,NA,NA,NA,NA,NA,NA,NA,NA,"http://a.espncdn.com/i/teamlogos/ncaa/500/145.png","#001148"
"211",401331241,"Kansas State",62,48,29.8194243970428,14.4370740948469,0.532258064516129,0.375,0.480958458016819,0.300772376975977,NA,NA,NA,NA,NA,NA,NA,NA,NA,NA,NA,NA,NA,NA,"http://a.espncdn.com/i/teamlogos/ncaa/500/2306.png","#633194"
"212",401331241,"LSU",48,62,14.4370740948469,29.8194243970428,0.375,0.532258064516129,0.300772376975977,0.480958458016819,NA,NA,NA,NA,NA,NA,NA,NA,NA,NA,NA,NA,NA,NA,"http://a.espncdn.com/i/teamlogos/ncaa/500/99.png","#22005c"
"213",401331242,"Alabama",85,56,-0.182591472788294,15.4371666880446,0.388235294117647,0.392857142857143,-0.00214813497397993,0.275663690857939,NA,NA,NA,NA,NA,NA,NA,NA,NA,NA,NA,NA,NA,NA,"http://a.espncdn.com/i/teamlogos/ncaa/500/333.png","#690014"
"214",401331242,"Georgia",56,85,15.4371666880446,-0.182591472788294,0.392857142857143,0.388235294117647,0.275663690857939,-0.00214813497397993,NA,NA,NA,NA,NA,NA,NA,NA,NA,NA,NA,NA,NA,NA,"http://a.espncdn.com/i/teamlogos/ncaa/500/61.png","#CC0000"
"215",401331654,"Central Michigan",71,66,2.53077507951076,1.21550852004382,0.295774647887324,0.227272727272727,0.0356447194297291,0.0184167957582397,NA,NA,NA,NA,NA,NA,NA,NA,NA,NA,NA,NA,NA,NA,"http://a.espncdn.com/i/teamlogos/ncaa/500/2117.png","#6a0032"
"216",401331654,"Washington State",66,71,1.21550852004382,2.53077507951076,0.227272727272727,0.295774647887324,0.0184167957582397,0.0356447194297291,NA,NA,NA,NA,NA,NA,NA,NA,NA,NA,NA,NA,NA,NA,"http://a.espncdn.com/i/teamlogos/ncaa/500/265.png","#94022a"
"217",401391158,"Miami (OH)",79,64,17.5540410853666,4.1105324712172,0.443037974683544,0.390625,0.222203051713502,0.0642270698627687,NA,NA,NA,NA,NA,NA,NA,NA,NA,NA,NA,NA,NA,NA,"http://a.espncdn.com/i/teamlogos/ncaa/500/193.png","#a4000c"
"218",401391158,"North Texas",64,79,4.1105324712172,17.5540410853666,0.390625,0.443037974683544,0.0642270698627687,0.222203051713502,NA,NA,NA,NA,NA,NA,NA,NA,NA,NA,NA,NA,NA,NA,"http://a.espncdn.com/i/teamlogos/ncaa/500/249.png","#00853D"
